Entity,Ministry,Analyst
وەزارەتی گواستنەوە و گەیاندن,MOTAC,Helen
وەزارەتی شارەوانی و گەشت و گوزار,MOMT,Namiq
دەستەی وەبەرهێنان,BOI,Awara
وەزارەتی کارەبا,MOEL,Nawroz
وەزارەتی خوێندنی باڵا و توێژینەوەی زانستی,MOHE,Begard
وەزارەتی کار و کاروباری کۆمەڵایەتی,MOLSA,Awara
وەزارەتی دارایی و ئابوری,MOFE,Rekan
وەزارەتی ناوخۆ,MOI,Sangar
وەزارەتی داد,MOJ,Helen
دەستەی گشتی ناوچە کوردستانیەکانی دەرەوەی هەرێم,KAGB,Awara
وەزارەتی بازرگانی و پیشەسازی,MOTI,Arez
وەزارەتی پلاندانان,MOP,Musleh
وەزارەتی سامانە سروشتیەکان,MNR,Musleh
وەزارەتی پەروەردە,MOE,Resa
وەزارەتی کشتوکاڵ و سەرچاوەکانی ئاو,MOAWR,Awara
وەزارەتی کاروباری شەهیدان و ئەنفالکراوان,MOMA,Musleh
وەزارەتی تەندروستی,MOH,Ihsan
وەزارەتی ئاوەدانکردنەوە و نیشتەجێکردن,MOHR,Tarin
سەرۆکایەتی ئەنجومەنی وەزیران,COM,Ihsan
وەزارەتی پێشمەرگە,MOPA,Nisha'
دەستەی پاراستن و چاککردنی ژینگە,BOE,Awara
وەزارەتی ئەوقاف و کاروباری ئایینی,MOERA,Resa
دەزگاى گشتى کاروبارى مین,MAA,Awara
وەزارەتی رۆشنبیری و لاوان,MOCY,Sara
سەرۆکایەتی پەڕلەمانی هەرێمی کوردستان,KPP,Ihsan
سەرۆکایەتی هەرێمی کوردستان,KP,Ihsan
ئەنجومەنی باڵای خانمان,HCWA,Awara
کۆمسیۆنی باڵای سەربەخۆی هەڵبژاردنەکان,KHEC,Ihsan
دەستەی دادوەری,JC,Helen
دەزگای ئاسایشی هەرێمی کوردستان,KRSA,Awara
چاودێری دارایی,KSAB,Awara
فەرمانگەی پەیوەندییەکانی دەرەوە,DFR,Awara
ئەکادمییای کوردی,KA,Awara
دەستەی مافی مرۆڤ,HRB,Awara
دیوانی وەزارەتی ئەوقاف و کاروباری ئایینی,MOERA,Resa
به‌ڕێوه‌به‌رایه‌تی گشتی کاروباری ئێزدییه‌کان,MOERA,Resa
به‌ڕێوه‌به‌رایه‌تی کاروباری ئێزدییه‌کانی دهۆک,MOERA,Resa
به‌ڕێوه‌به‌رایه‌تی گشتی کاروباری مه‌سیحییه‌کان,MOERA,Resa
به‌ڕێوه‌به‌رایه‌تی کاروباری مه‌سیحییه‌کانی سلێمانی,MOERA,Resa
به‌ڕێوه‌به‌رایه‌تی کاروباری مه‌سیحییه‌کانی دهۆک,MOERA,Resa
به‌ڕێوه‌به‌رایه‌تی گشتی حه‌ج و عومڕه‌,MOERA,Resa
به‌ڕێوه‌به‌رایه‌تی گشتی ئه‌وقاف و کاروباری ئایینی پارێزگای هه‌ولێر,MOERA,Resa
به‌ڕێوه‌به‌رایه‌تی ئه‌وقافی هه‌ولێر,MOERA,Resa
به‌ڕێوه‌به‌رایه‌تی ئه‌وقافی مه‌خمور,MOERA,Resa
به‌ڕێوه‌به‌رایه‌تی ئه‌وقافی کۆیه‌,MOERA,Resa
به‌ڕێوه‌به‌رایه‌تی ئه‌وقافی سۆران,MOERA,Resa
به‌ڕێوه‌به‌رایه‌تی ئه‌وقافی شه‌قڵاوه‌,MOERA,Resa
به‌ڕێوه‌به‌رایه‌تی ئه‌وقافی ده‌وروبه‌ری هەولێر,MOERA,Resa
به‌ڕێوه‌به‌رایه‌تی گشتی ئه‌وقاف و کاروباری ئایینی پارێزگای سلێمانی,MOERA,Resa
کتێبخانه‌ی مه‌رکه‌زی ئه‌وقافی سلێمانی,MOERA,Resa
به‌ڕێوه‌به‌رایه‌تی ئه‌وقافی سلێمانی,MOERA,Resa
به‌ڕێوه‌به‌رایه‌تی ئه‌وقافی ڕاپه‌ڕین,MOERA,Resa
به‌ڕێوه‌به‌رایه‌تی ئه‌وقافی شاره‌زوور,MOERA,Resa
به‌ڕێوه‌به‌رایه‌تی ئه‌وقافی چه‌مچه‌ماڵ,MOERA,Resa
به‌ڕێوه‌به‌رایه‌تی گشتی ئه‌وقاف و کاروباری ئایینی پارێزگای دهۆک,MOERA,Resa
به‌ڕێوه‌به‌رایه‌تی ئه‌وقافی دهۆک,MOERA,Resa
به‌ڕێوه‌به‌رایه‌تی ئه‌وقافی ئامێدی,MOERA,Resa
به‌ڕێوه‌به‌رایه‌تی ئه‌وقافی سێمێل,MOERA,Resa
به‌ڕێوه‌به‌رایه‌تی ئه‌وقافی شێخان,MOERA,Resa
به‌ڕێوه‌به‌رایه‌تی ئه‌وقافی به‌رده‌ڕه‌ش,MOERA,Resa
به‌ڕێوه‌به‌رایه‌تی ئه‌وقافی ئاکرێ,MOERA,Resa
به‌ڕێوه‌به‌رایه‌تی ئه‌وقافی زاخۆ,MOERA,Resa
به‌ڕێوه‌به‌رایه‌تی گشتی ئه‌وقاف و کاروباری ئایینی ئیداره‌ی گه‌رمیان,MOERA,Resa
به‌ڕێوه‌به‌رایه‌تی گشتی ئه‌وقاف و کاروباری ئایینی پارێزگای هه‌ڵه‌بجه‌,MOERA,Resa
دیوانی وەزارەتی ناوخۆ,MOI,Sangar
ب. گ. کۆچ کۆچبەران / هەرێم,MOI,Sangar
ناوەندی هاوبەشی هەماهەنگی قەیرانەکان,MOI,Sangar
ب.گشتی رەگەزنامە وباری شارستانی,MOI,Sangar
ب. رەگەزنامە و بارى شارستانى سلێمانی,MOI,Sangar
ب. رەگەزنامە و بارى شارستانى هەولێر,MOI,Sangar
ب. رەگەزنامە و باری شارستانی گەرمیان,MOI,Sangar
ب. رەگەزنامە و باری شارستانی / دهۆک,MOI,Sangar
اقامە/ دهۆک,MOI,Sangar
اقامە/ سلیمانی,MOI,Sangar
اقامە/ هەڵەبجە,MOI,Sangar
اقامە/ هەولێر,MOI,Sangar
ب.پاسەپۆرتی دهۆک,MOI,Sangar
ب.پاسەپۆرتی سلیمانی,MOI,Sangar
ب.پاسەپۆرتی هەولێر,MOI,Sangar
ب.پاسەپۆرتی هەڵەبجە,MOI,Sangar
کارتی زانیاری سلێمانی,MOI,Sangar
کارتی زانیاری هەولێر,MOI,Sangar
کارتی زانیاری دهۆک,MOI,Sangar
نوسینگەی زانیاری دهۆک,MOI,Sangar
نوسینگەی زانیاری سلێمانی,MOI,Sangar
نڤیسینگەها ئاکنجیبوون و پاسپۆرتا / ئیبراهیم خەلیل,MOI,Sangar
نوسینگەی زانیاری زاخۆ,MOI,Sangar
بەڕێوەبەرایەتی پاسەپۆرتی زاخۆ,MOI,Sangar
کارتی نیشتیمانی زاخۆ,MOI,Sangar
ب.گشتی بەرەنگاربوونەوەی توندوتیژی دژی ئافرەتان و خێزان,MOI,Sangar
ب.توندوتیژی دژی ئافرەتان گەرمیان,MOI,Sangar
ب.توندوتیژی دژی ئافرەتان هەولێر,MOI,Sangar
ب.توندوتیژی دژی ئافرەتان دهۆک,MOI,Sangar
ب.توندوتیژی دژی ئافرەتان سلیمانی,MOI,Sangar
ب.توندوتیژی دژی ئافرەتان ڕاپەڕین,MOI,Sangar
ب.توندوتیژی دژی ئافرەتان زاخۆ,MOI,Sangar
ب.توندوتیژی دژی ئافرەتان سۆران,MOI,Sangar
ب.پۆلیسی کارەبای هەرێم,MOI,Sangar
ب.پ.کارەبای ڕاپەڕین,MOI,Sangar
ب.پ.کارەبای گەرمیان,MOI,Sangar
ب.پ.کارەبای دهۆک,MOI,Sangar
ب.پ.کارەبای سلێمانی,MOI,Sangar
ب.پ.کارەبای هەولێر,MOI,Sangar
ب.گشتی پۆلیس,MOI,Sangar
ب. پۆلیسی / چەمچەماڵ,MOI,Sangar
ب. پۆلیسی/ کۆیە,MOI,Sangar
ب. پۆليسی / گەرميان,MOI,Sangar
ب. پۆليسی / راپەرين,MOI,Sangar
ب. پۆلیسی / هەڵەبجە,MOI,Sangar
ب. پۆلیسی / سلێمانی,MOI,Sangar
ب.پۆلیسی هەولێر,MOI,Sangar
ب. پۆلیسی زاخۆ,MOI,Sangar
ب.پۆلیسی دهۆک,MOI,Sangar
بەڕێوەبەرایەتی پۆلیسی ئاکرێ,MOI,Sangar
ب.پۆلیسی چالاکیەمەدەنیەکان /گەرمیان,MOI,Sangar
ب.پۆلیسی چالاکیەمەدەنیەکان /سلێمانی,MOI,Sangar
ب.بەلگاکانی تاوانی هەرێم,MOI,Sangar
بەرگری شارستانی ڕاپەڕین,MOI,Sangar
بەرگری شارستانی گەرمیان,MOI,Sangar
بەرگری شارستانی فرۆکەخانەی هەولێر,MOI,Sangar
بەرگری شارستانی سۆران,MOI,Sangar
بەرگری شارستانی سلیمانی,MOI,Sangar
بەرگری شارستانی هەولێر,MOI,Sangar
بەرگری شارستانی زاخۆ,MOI,Sangar
بەڕێوەبەرایەتی بەرگری شارستانی / دهۆک,MOI,Sangar
بەرگری شارستانی / هەڵەبجە,MOI,Sangar
بەشى بەرگرى شارستانى / کۆیە,MOI,Sangar
ب. پۆلیسی پاسەوانی هەولێر,MOI,Sangar
پاسەوانیەکانی سلێمانی,MOI,Sangar
بەڕێوەبەرایەتی بەرگری شارستانی / ئاکرێ,MOI,Sangar
بەڕێوەبەرایەتی پۆلیسی گومرگی ڕاپەڕین,MOI,Sangar
بەڕێوەبەرایەتی پۆلیسی سۆران,MOI,Sangar
ب.پۆلیسی دارستان وژینگەی هەرێم,MOI,Sangar
پۆلیسی دارستان وژینگەی گەرمیان,MOI,Sangar
پۆلیسی دارستان وژینگەی ئاکرێ,MOI,Sangar
پۆلیسی دارستان وژینگەی سۆران,MOI,Sangar
پۆلیسی دارستان وژینگەی دهۆک,MOI,Sangar
پۆلیسی دارستان وژینگەی هەڵەبجە,MOI,Sangar
پۆلیسی دارستان وژینگەی سلێمانی,MOI,Sangar
پۆلیسی دارستان وژینگەی هەولێر,MOI,Sangar
پۆلیسی دارستان وژینگەی ڕاپەڕین,MOI,Sangar
پاریزگای سلێمانی/دیوان,MOI,Sangar
ق.قەزای ناوەندی سلیمانی,MOI,Sangar
پاریزگای سلیمانی/کاروباری هونەری,MOI,Sangar
ق.قەزای ماوەت,MOI,Sangar
ق.قەزای شارەزوور,MOI,Sangar
ق.قەزای پێنجوێن,MOI,Sangar
ق.قەزای شارباژێر,MOI,Sangar
ق.قەزای سەیدسادق,MOI,Sangar
ق.قەزای قەرەداغ,MOI,Sangar
ق.قەزای چەمچەماڵ,MOI,Sangar
ق.قەزای دەربەندیخان,MOI,Sangar
ق.قەزای دوکان,MOI,Sangar
بەڕێوەبەرایەتی بەشی پۆلیسی پاسەوانی سلیمانی,MOI,Sangar
د.پشکنین سەربازی,MOI,Sangar
فەرماندەی پێشمەرگەی زێرەڤانی,MOI,Sangar
دادگاى هیزەکانى ئاسایشی ناوخۆ / هەولیر,MOI,Sangar
دادگاى هیزەکانى ئاسایشی ناوخۆ / سلێمانی,MOI,Sangar
ب.کاروباری پاراستنی دام ودەزگانەوتیەکان لیوای 1و٢و٣,MOI,Sangar
لیوای ١ی پاراستنی سلێمانی,MOI,Sangar
فەرماندەی پیشمەرگەی بەرگری وفریاکەوتن,MOI,Sangar
کۆلێژی پۆلیس سلێمانی,MOI,Sangar
کۆلێژی پۆلیس هەولێر,MOI,Sangar
ب.مەشق وشیاندنی سلێمانی,MOI,Sangar
پارێزگای دهوک – کارگێریا گشتی,MOI,Sangar
پارێزگای دهۆک/خۆجێ یەتی,MOI,Sangar
ق.قەزای ئامێدی,MOI,Sangar
ق. قەزای ئاکرێ,MOI,Sangar
ق.قەزای زاخۆ,MOI,Sangar
ئیدارەی گەرمیان/کاروباری هونەری,MOI,Sangar
ئیدارەی گەرمیان/دیوان,MOI,Sangar
ق.قەزای خانەقین,MOI,Sangar
ق.قەزای کفری,MOI,Sangar
ق.قەزای کەلار,MOI,Sangar
پارێزگای هەڵەبجە,MOI,Sangar
ق.قەزای هەڵەبجە,MOI,Sangar
ئیدارەی ڕاپەڕین/کاروباری هونەری,MOI,Sangar
ئیدارەی ڕاپەڕین/دیوان,MOI,Sangar
ب.گشتی ناوخۆ,MOI,Sangar
سلێمانی jcc,MOI,Sangar
د.پشکنین کارگێری,MOI,Sangar
پاریزگای هەولێر/کارگێری گشتی,MOI,Sangar
پاریزگای هەولێر/خۆجی یەتی,MOI,Sangar
ق.قەزای سۆران,MOI,Sangar
ق.قەزای کۆیە,MOI,Sangar
ب.گشتی هاتووچۆ,MOI,Sangar
ب.هاتووچۆ/ کۆیە,MOI,Sangar
ب.هاتووچۆ/ سۆران,MOI,Sangar
ب.هاتووچۆ/ ڕاپەڕین,MOI,Sangar
ب.هاتووچۆ/ گەرمیان,MOI,Sangar
ب.هاتووچۆ/ دهۆک,MOI,Sangar
بەڕێوەبەرایەتی هاتووچۆی زاخۆ,MOI,Sangar
ب.هاتووچۆ/ سلێمانی,MOI,Sangar
ب.هاتووچۆ/ هەولێر,MOI,Sangar
دیوانی وەزارەتی سامانە سروشتیەکان,MNR,Musleh
بەرێوەبەرایەتی نەوت و کانزاکانی گەرمیان,MNR,Musleh
بەرێوەبەرایەتی نەوت و کانزاکانی هەولێر,MNR,Musleh
کارگەی غازی هەولێر,MNR,Musleh
بەڕێوەبەرایەتی نەوت و کانزاکان / سلێمانى,MNR,Musleh
بەریوەبەرایەتی نەوت و کانزاکان / دهۆک,MNR,Musleh
بەڕێوەبەرایەتی گشتی دیوان,MOEL,Nawroz
بەڕێوەبەرایەتی پۆليسى کارەباى هەرێم,MOEL,Nawroz
بەڕێوەبەرایەتی کۆنترِۆلى ناوەندنى هەرێم,MOEL,Nawroz
بەڕێوەبەرایەتی گشتی کارەبای سلێمانی,MOEL,Nawroz
بەڕێوەبەرایەتی پۆليسى کارەباى سلێمانی,MOEL,Nawroz
بەرێوەبەرایەتى پۆلیسی کارەبای ڕاپەڕین,MOEL,Nawroz
بەڕێوەبەرایەتی کۆنترۆڵ و کەياندن سليمانى,MOEL,Nawroz
بەڕێوەبەرایەتی دابەشکردنى کارەباى سلێمانی,MOEL,Nawroz
بەڕێوەبەرایەتی گواستنەوەی ووزە کارەباى سليمانى,MOEL,Nawroz
بەڕێوەبەرایەتی بەرهەم هێنان کارەباى سليمانى,MOEL,Nawroz
بەڕێوەبەرایەتی دابەشکردنى کارەباى دوکان,MOEL,Nawroz
بەڕێوەبەرایەتی گواستنەوەی وزەی کارەباى دوکان,MOEL,Nawroz
بەڕێوەبەرایەتی دابەشکردنى کارەباى دەربەندیخان,MOEL,Nawroz
بەڕێوەبەرایەتی گواستنەوەی وزەی کارەبای دەربەندیخان,MOEL,Nawroz
بەڕێوەبەرایەتی دابەشکردن کارەباى چەمچە ماڵ,MOEL,Nawroz
بەڕێوەبەرایەتی دابەشکردنى کارەباى ڕاپەڕین,MOEL,Nawroz
بەڕێوەبەرایەتی گشتی کارەبای گەرمیان,MOEL,Nawroz
بەڕێوەبەرایەتی دابەشکردنى کارەباى خانەقين,MOEL,Nawroz
بەڕێوەبەرایەتی دابەشکردنى کارەباى کەلار,MOEL,Nawroz
بەڕێوەبەرایەتی دابەشکردنی کارەبای کفری,MOEL,Nawroz
بەڕێوەبەرایەتی پۆليسى کارەباى گەرمیان,MOEL,Nawroz
بەڕێوەبەرایەتی گشتی کارەبای هەولێر,MOEL,Nawroz
بەڕێوەبەرایەتی گواستنەوەی کارەبای هەولێر,MOEL,Nawroz
بەڕێوەبەرایەتی کوَنترِۆل و کەياندن هەولێر,MOEL,Nawroz
بەڕێوەبەرایەتی پۆليسى کارەباى هەولێر,MOEL,Nawroz
بەڕێوەبەرایەتی دابەشکردنى کارەباى شەقڵاوە,MOEL,Nawroz
بەڕێوەبەرایەتی دابەشکردنی کارەبای هەولێر/دوو,MOEL,Nawroz
بەڕێوەبەرایەتی دابەشکردنی کارەبای هەولێر/یەک,MOEL,Nawroz
بەڕێوەبەرایەتی دابەشکردنی کارەبای صلاحدین/پیرمام,MOEL,Nawroz
بەڕێوەبەرایەتى دابەشکردنى کارەبای کۆیە,MOEL,Nawroz
بەڕێوەبەرایەتی دابەشکردنی کارەبای سۆران,MOEL,Nawroz
بەڕێوەبەرایەتی گشتی کارەبای دهۆک,MOEL,Nawroz
بەڕێوەبەرایەتی دابەشکردنى کارەبا ئاکرێ,MOEL,Nawroz
بەڕێوەبەرایەتی دابەشکردنى کارەبا بەردە رەش,MOEL,Nawroz
بەڕێوەبەرایەتی پۆليسى کارەباى دهۆک,MOEL,Nawroz
بەڕێوەبەرایەتی دابەشکردنى کارەبا شێخان,MOEL,Nawroz
بەڕێوەبەرایەتی دابەشکردنى کارەبا ئامێدى,MOEL,Nawroz
بەڕێوەبەرایەتی دابەشکردنى کارەبا زاخۆ,MOEL,Nawroz
بەڕێوەبەرایەتی دابەشکردنى کارەبا دهۆک,MOEL,Nawroz
بەڕێوەبەرایەتی دابەشکردنی کارەبای سیمێل,MOEL,Nawroz
بەڕێوەبەرایەتی گواستنەوەی کارەباى دهۆک,MOEL,Nawroz
بەڕێوەبەرایەتی کۆنترۆل و کەياندن دهۆک,MOEL,Nawroz
بەرێوەبەرایەتى گشتی کارەبای هەڵەبجە,MOEL,Nawroz
دیوانی وەزارەتی بازرگانی و پیشەسازی,MOTI,Arez
بەرێوبەرایەتی گشتی کاروباری بازرگانی ناوچە کوردستانیەکانی دەرەوی ئیدارەی هەرێم,MOTI,Arez
بەڕێوەبەرایەتی گشتی گەشەپێدانی پیشەسازی,MOTI,Arez
بەڕێوەبەرایەتی بازرگانی کەل و پەلی خۆراک / دهۆک,MOTI,Arez
بەرێوەبەرایەتی دروستکردنی دانەوێڵە / دهۆک,MOTI,Arez
بەڕێوەبەرایەتی رێکخستنی پسولەی خۆراک / دهۆک,MOTI,Arez
بەڕێوەبەرایەتی کەلوپەلی خۆراک / زاخۆ,MOTI,Arez
بەڕێوەبەرایەتی گەشەپێدانى / سلێمانی,MOTI,Arez
کارگەى گەچى هونەرى بازیان,MOTI,Arez
بەڕێوەبەرایەتی فرۆشتنى چیمەنتۆ / سلێمانی,MOTI,Arez
بەڕێوەبەرایەتی تۆمارکردنی کۆمپانیاکان / سلێمانى,MOTI,Arez
بەڕێوەبەرایەتی بازرگانى خۆراک / سلێمانى,MOTI,Arez
بەڕێوەبەرایەتی بازرگانی کەل و پەلی خۆراکی سلێمانی,MOTI,Arez
بەرێوەبەرایەتی دروستکراوى دانەوێڵە / سلێمانی,MOTI,Arez
بەڕێوەبەرایەتی رێکخستنى پسولەى خۆراک / سلێمانى,MOTI,Arez
بەڕێوەبەرایەتی گشتی گەشەپیدانی پیشەسازی / هەولێر,MOTI,Arez
بەڕێوەبەرایەتی دروستکراوی دانەوێڵه / هەولێر,MOTI,Arez
بەڕێوەبەرایەتی ڕێکخستنی پسولەی خۆراک / هەولێر,MOTI,Arez
بنکەی خۆراکی سۆران,MOTI,Arez
بەڕێوەبەرایەتی گشتی پلاندانان و بەدواداچوون,MOTI,Arez
بەڕێوەبەرایەتی چاودێری بازرگانی / گەرمیان,MOTI,Arez
بەڕێوەبەرایەتی چاودێرى بازرگانى / سلێمانی,MOTI,Arez
بەڕێوەبەرایەتی چاودێری بازرگانی / هەولێر,MOTI,Arez
بەڕێوەبەرایەتی چاودێری بازرگانی / دهۆک,MOTI,Arez
بەڕێوەبەرایەتی چاودێری بازرگانی / زاخۆ,MOTI,Arez
بەڕێوەبەرایەتی گشتی تۆمارکردنی کۆمپانیاکان,MOTI,Arez
بەڕێوەبەرایەتی کومپانیاکان / هەولێر,MOTI,Arez
بەڕێوەبەرایەتی تۆمارکردنی کۆمپانیاکان / دهۆک,MOTI,Arez
بەڕێوەبەرایەتی گشتی بازرگانی,MOTI,Arez
بەرێوەبەرایەتی بازرگانی کەلوپەلی خۆراك/ گەرمیان,MOTI,Arez
بەڕێوەبەرایەتی بازرگانی دانەوێڵه / هەولێر,MOTI,Arez
بەڕێوەبەرایەتی بازرگانى دانەوێڵە / سلێمانی,MOTI,Arez
بەڕێوەبەرایەتی گەشەپێدانی پیشەسازی / دهۆک,MOTI,Arez
بەڕێوەبەرایەتی بازرگانی دانەوێڵە/دهۆک/ سایلۆی شێخان,MOTI,Arez
بەڕێوەبەرایەتی بازرگانی دانەوێڵەی دهۆک/ سایلۆی فایدە,MOTI,Arez
بەڕێوەبەرایەتی بازرگانی دانەوێڵە/دهۆک/ سایلۆی زاخۆ,MOTI,Arez
بەڕێوەبەرایەتی بازرگانی دانەوێڵەی دهۆک,MOTI,Arez
بەڕێوەبەرایەتی بازرگانی کەلوپەلی خۆراک / هەولێر,MOTI,Arez
بەڕێوەبەرایەتی بازرگانی کەل و پەلی خۆراکی هەولێر/ بنکەى کۆیە,MOTI,Arez
دیوانی وەزارەتی کاروباری شەهیدان و ئەنفالکراوان,MOMA,Musleh
بەرێوەبەرایە ین کاروباری زیندا ین سیاسی,MOMA,Musleh
بەرێوەبەرایەتی گشتی خزمەتگوزاری,MOMA,Musleh
دەستەی گشتی وەبەرهێنان و بەرێوەبردنی داهاتەکان,MOMA,Musleh
بەرێوەبەرایەتی گشتی کاروباری شەهیدان و ئە نفالکراوان هەڵەبجە,MOMA,Musleh
بەرێوەبەرایە ین یادگاری هەڵەبجە,MOMA,Musleh
بەرێوەبەرایەتی گشتی کاروباری شەهیدان وئە نفالکراوان دهۆک,MOMA,Musleh
بەرێوەبەرایەتی کاروباری شەهیدان وئە نفالکراوان زاخۆ,MOMA,Musleh
بەرێوەبەرایەتی گشتی کاروباری شەهیدان وئە نفالکراوان هەولێر/ کۆیە,MOMA,Musleh
بەرێوەبەرایەتی کاروباری شەهیدان وئە نفالکراوان سۆران / بارزان,MOMA,Musleh
بەرێوەبەرایەتی گشتی کاروباری شەهیدان وئە نفالکراوان سلێمانی/ چەمچەماڵ,MOMA,Musleh
بەرێوەبەرایەتی گشتی کاروباری شەهیدان وئە نفالکراوان گەرمیان,MOMA,Musleh
دیوانی وەزارەتی رۆشەنبیری و لاوان,MOCY,Sara
بە رێوە بە رایەتی گشتی رۆشنبیری و هونەری سریانی,MOCY,Sara
بەرێوەبەریەتی گشتی رۆشنبیری و هونەری تورکمان,MOCY,Sara
بەرێوەبەرایەتی رۆشەنبیری و هونەری ڕاپەڕین,MOCY,Sara
ب.گشتی رۆشەنبیری و هونەری هەڵبجە,MOCY,Sara
ب.گشتی رۆشەنبیری و هونەری گەرمیان,MOCY,Sara
ب.گشتی رۆشەنبیری و هونەری دهۆک,MOCY,Sara
ب. رۆشەنبیری و هونەری زاخۆ,MOCY,Sara
ب.گشتی رۆشەنبیری و هونەری سلیمانی,MOCY,Sara
ب.گشتی رۆشەنبیری و هونەری هەولێر,MOCY,Sara
ب. رۆشەنبیری و هونەری سۆران,MOCY,Sara
بە رێوە بە رایەتی رۆشنبیری و هونەری سریانی دهۆك,MOCY,Sara
بە رێوە بە رایەتی گشتی کتێبخانەگشتیە کان,MOCY,Sara
بە ریوە بە رایەتی کتیبخانە گشتیە کانی راپە رین,MOCY,Sara
بە ریوە بە رایەتی کتیبخانە گشتیە کانی گە رمیان,MOCY,Sara
بە ریوە بە رایەتی کتیبخانە گشتیە کانی هەلبجە,MOCY,Sara
بە ریوە بە رایەتی کتیبخانە گشتیە کانی دهۆک,MOCY,Sara
بە ریوە بە رایەتی کتیبخانە گشتیە کانی سلیمانی,MOCY,Sara
بە ریوە بە رایەتی کتیبخانە گشتیە کانی هە ولیر,MOCY,Sara
بە ریوە بە رایەتی کتیبخانە گشتیە کانی زاخۆ,MOCY,Sara
بەرێوەبەرایەتی گشتی وەرزش,MOCY,Sara
بەرێوەبەرایەتی وەرزشی گەرمیان,MOCY,Sara
بەرێوەبەرایەتی وەرزشی هەولێر,MOCY,Sara
بەرێوەبەرایەتی وەرزشی سلیمانی,MOCY,Sara
بەرێوەبەرایەتی وەرزشی دهۆک,MOCY,Sara
بەرێوەبەرایەتی گشتی لاوان,MOCY,Sara
بەرێوەبەرایەتی لاوانی گەرمیان,MOCY,Sara
بەرێوەبەرایەتی لاوانی هەڵەبجە,MOCY,Sara
بەرێوەبەرایەتی لاوانی سلیمانی,MOCY,Sara
بەرێوەبەرایەتی لاوانی دهۆک,MOCY,Sara
بەرێوەبەرایەتی لاوانی هەولێر,MOCY,Sara
بە رێوە بە رایەتی لاوان ڕاپەڕین,MOCY,Sara
ب. رۆشەنبیری و لاوانی زاخۆ,MOCY,Sara
ب.لاوانی زاخۆ,MOCY,Sara
بەرێوەبەرایەتی گشتی راگەیاندن و چاپ بڵاوکردنەوە,MOCY,Sara
بەرێوەبەرایەتی راگەیاندن و چاپ و بلاوکردنەوەی سلێمانی,MOCY,Sara
بەرێوەبەرایەتی راگەیاندن سلێمانی,MOCY,Sara
بەرێوەبەرایەتی راگەیاندن و چاپ و بلاوکردنەوەی دهۆک,MOCY,Sara
بەرێوەبەرایەتی راگەیاندن دهۆک,MOCY,Sara
بەرێوەبەرایەتی راگەیاندن و چاپ و بلاوکردنەوەی هەولێر,MOCY,Sara
بەرێوەبەرایەتی راگەیاندن هەولێر,MOCY,Sara
بەرێوەبەرایەتی راگەیاندن گەرمیان,MOCY,Sara
بەرێوەبەرایەتی راگەیاندن ڕاپەڕین,MOCY,Sara
دیوانى وەزارەتى شارەوانى,MOMT,Namiq
بەرێوەبەرایەتى نەخشەدانانى ئاوەدانى گەرمیان,MOMT,Namiq
بەرێوەبەرایەتى نەخشەدانانى ئاوەدانى ڕاپەرین,MOMT,Namiq
بەرێوەبەرایەتى نەخشەدانانى ئاوەدانى سلێمانى,MOMT,Namiq
بەرێوەبەرایەتى نەخشەدانانى ئاوەدانى هەولێر,MOMT,Namiq
بەرێوەبەرایەتى نەخشەدانانى ئاوەدانى دهۆک,MOMT,Namiq
بەرێوەبەرایەتى نەخشەدانانى ئاوەدانى هەڵەبجە,MOMT,Namiq
بەڕێوەبەرایەتی نەخشەدانانی ئاوەدانی زاخۆ,MOMT,Namiq
سەرۆکایەتى شارەوانى هەولێر,MOMT,Namiq
سەرۆکایەتى شارەوانى سلێمانى,MOMT,Namiq
سەرۆکایەتى شارەوانى هەلەبجە,MOMT,Namiq
سەرۆکایەتى شارەوانى ئاکرێ,MOMT,Namiq
سەرۆکایەتی شارەوانی ڕاپەڕین,MOMT,Namiq
سەرۆکایەتى شارەوانى زاخۆ,MOMT,Namiq
سەرۆکایەتى شارەوانى دهۆک,MOMT,Namiq
بەڕێوەبەرایەتی گشتی شارەوانیەکانی سلێمانی,MOMT,Namiq
شارەوانی بازیان,MOMT,Namiq
شارەوانی باسنێ,MOMT,Namiq
شارەوانی باوەخۆشێن,MOMT,Namiq
شارەوانی بەردەقارەمان,MOMT,Namiq
شارەوانی بەرزنجە,MOMT,Namiq
شارەوانی پیرەمەگرون,MOMT,Namiq
شارەوانی پێنجوێن,MOMT,Namiq
شارەوانی تەکیەی کاکە مەند,MOMT,Namiq
شارەوانی تەکیەی جەباری,MOMT,Namiq
شارەوانی تەینال,MOMT,Namiq
شارەوانی چوارتا,MOMT,Namiq
شارەوانی چەمچەماڵ,MOMT,Namiq
شارەوانی خاڵخاڵان,MOMT,Namiq
شارەوانی خەلەکان,MOMT,Namiq
شارەوانی دوکان,MOMT,Namiq
شارەوانی دەربەندیخان,MOMT,Namiq
شارەوانی سورداش,MOMT,Namiq
شارەوانی سیتەک,MOMT,Namiq
شارەوانی سیدصادق,MOMT,Namiq
شارەوانی سێوسێنان,MOMT,Namiq
شارەوانی سەرگەڵوو,MOMT,Namiq
شارەوانی سەنگاو,MOMT,Namiq
شارەوانی شارەزوور,MOMT,Namiq
شارەوانی شوان,MOMT,Namiq
شارەوانی شۆرش,MOMT,Namiq
شارەوانی عەربەت,MOMT,Namiq
شارەوانی قادرکەرەم,MOMT,Namiq
شارەوانی قەرەداغ,MOMT,Namiq
شارەوانی قەرەهەنجیر,MOMT,Namiq
شارەوانی کەناروێ,MOMT,Namiq
شارەوانی گاپیلۆن,MOMT,Namiq
شارەوانی گۆپاڵە,MOMT,Namiq
شارەوانی گەرمک,MOMT,Namiq
شارەوانی ماوەت,MOMT,Namiq
شارەوانی ناڵپارێز,MOMT,Namiq
شارەوانی وارماوا,MOMT,Namiq
شارەوانی ئاغجەلەر,MOMT,Namiq
شارەوانی ئەڵڵایی,MOMT,Namiq
بەریوەبەرایەتی شارەوانی بەکرەجۆ,MOMT,Namiq
بەریوەبەرایەتی شارەوانی باخچەکان / سلێمانی,MOMT,Namiq
بەریوەبەرایەتی شارەوانی رۆژهەڵات,MOMT,Namiq
بەریوەبەرایەتی شارەوانی ڕۆژئاوا,MOMT,Namiq
بەریوەبەراتی شارەوانی تاسلوجە,MOMT,Namiq
بەریوەبەرایەتی شارەوانی هەوارى شار,MOMT,Namiq
سەرۆکایەتی شارەوانی زەڵان,MOMT,Namiq
بەڕێوەبەرایەتی شارەوانیەکانی ڕاپەڕین,MOMT,Namiq
شارەوانى ڕانیە,MOMT,Namiq
شارەوانى چوارقوڕنە,MOMT,Namiq
شارەوانى حاجیاوا,MOMT,Namiq
شارەوانى قەڵادزێ,MOMT,Namiq
شارەوانى سەنگەسەر,MOMT,Namiq
شارەوانى ژاراوە,MOMT,Namiq
شارەوانى بۆسکێن,MOMT,Namiq
شارەوانى بنگرد,MOMT,Namiq
شارەوانى خدران,MOMT,Namiq
شارەوانى شکارتە,MOMT,Namiq
شارەوانى سەرووچاوە,MOMT,Namiq
شارەوانى سەرکەپکان,MOMT,Namiq
شارەوانى ئیسێوە,MOMT,Namiq
شارەوانى هێرۆ,MOMT,Namiq
شارەوانى هەڵشۆ,MOMT,Namiq
بەڕێوەبەرایەتی گشتى شارەوانیەکانی گەرمیان,MOMT,Namiq
شارەوانى کەلار,MOMT,Namiq
شارەوانى رزگارى,MOMT,Namiq
شارەوانى کفرى,MOMT,Namiq
شارەوانى خانەقین,MOMT,Namiq
شارەوانى مەیدان,MOMT,Namiq
شارەوانى سەرقەڵا,MOMT,Namiq
شارەوانى نەوجول,MOMT,Namiq
شارەوانى گولە گوڵەجۆ,MOMT,Namiq
شارەوانى جەبارە,MOMT,Namiq
شارەوانى گردەگۆزینە,MOMT,Namiq
شارەوانى شێخ تەویل,MOMT,Namiq
شارەوانى نەفت خانە,MOMT,Namiq
شارەوانى ساڵح ئاغا,MOMT,Namiq
شارەوانى پیباز,MOMT,Namiq
بەڕێوەبەرایەتی گشتى شارەوانیەکانی هەلەبجە,MOMT,Namiq
سەرۆکایەتى شارەوانى سیروان,MOMT,Namiq
سەرۆکایەتى شارەوانى بیارە,MOMT,Namiq
سەرۆکایەتى شارەوانى خورمال,MOMT,Namiq
سەرۆکایەتى شارەوانى تەویلە,MOMT,Namiq
سەرۆکایەتى شارەوانى بەمۆ,MOMT,Namiq
بەڕێوەبەرایەتی گشتى شارەوانیەکانی دهۆک,MOMT,Namiq
شارەوانى باتیفا,MOMT,Namiq
شارەوانى بيگوڤا,MOMT,Namiq
شارەوانى ده‌ركارێ,MOMT,Namiq
شارەوانى ابراهيم الخليل,MOMT,Namiq
شارەوانى بيرسفى,MOMT,Namiq
شارەوانى قەدش,MOMT,Namiq
شارەوانى سرسنك,MOMT,Namiq
شارەوانى شيلادزی,MOMT,Namiq
شارەوانى بامرنی,MOMT,Namiq
شارەوانى كانی ماسی,MOMT,Namiq
شارەوانى دیرەلوک,MOMT,Namiq
شارەوانى چمانكی,MOMT,Namiq
شارەوانى عمادیە,MOMT,Namiq
شارەوانى گردسين,MOMT,Namiq
شارەوانى دينارتە,MOMT,Namiq
شارەوانى بردرش,MOMT,Namiq
شارەوانى دارتو,MOMT,Namiq
شارەوانى بشيريان,MOMT,Namiq
شارەوانى بجيل,MOMT,Namiq
شارەوانى كەلەك,MOMT,Namiq
شارەوانى بەنينان,MOMT,Namiq
شارەوانى روڤيا,MOMT,Namiq
شارەوانى ئه تروش,MOMT,Namiq
شارەوانى باگێرا,MOMT,Namiq
شارەوانى بوزان,MOMT,Namiq
شارەوانى زاویتە,MOMT,Namiq
شارەوانى چرە,MOMT,Namiq
شارەوانى شيخان,MOMT,Namiq
شارەوانى خانکێ,MOMT,Namiq
شارەوانى تناهی,MOMT,Namiq
شارەوانى باتيل,MOMT,Namiq
شارەوانى کورا,MOMT,Namiq
شارەوانى شاريا,MOMT,Namiq
شارەوانى باعدرى,MOMT,Namiq
شارەوانى مسيريك,MOMT,Namiq
شارەوانى شنكال,MOMT,Namiq
شارەوانى سميل,MOMT,Namiq
شارەوانى فايدة,MOMT,Namiq
شارەوانى قسروك,MOMT,Namiq
شارەوانى مەهەت,MOMT,Namiq
شارەوانى مانگيش,MOMT,Namiq
شارەوانى كلكچی,MOMT,Namiq
شارەوانى خەتاری,MOMT,Namiq
کارگەها کومکردنا گلێشی / کواشی,MOMT,Namiq
دەستەى گشتى گەشتو گوزار,MOMT,Namiq
بەڕێوەبەرایەتى گشتى گەشتوگوزارى دهۆک,MOMT,Namiq
بەڕێوەبەرایەتى گشتى گەشتوگوزارى هەولێر,MOMT,Namiq
بەڕێوەبەرایەتى گشتى گەشتوگوزارى گەرمیان,MOMT,Namiq
بەڕێوەبەرایەتى گشتى گەشتوگوزارى سلێمانى,MOMT,Namiq
بەڕێوەبەرایەتی گشتی گەشت و گوزار / هەڵەبجە,MOMT,Namiq
بەڕێوەبەرایەتی گشتی گەشتوگوزاری سۆران,MOMT,Namiq
بەڕێوەبەرایەتی گەشتوگوزاری ڕاپەڕین,MOMT,Namiq
بەڕێوەبەرایەتی گەشتوگوزاری زاخۆ,MOMT,Namiq
بەرێوەبەرایەتى گشتى شارەوانیەکانى هەولێر,MOMT,Namiq
شارەوانى بنەصلاوە,MOMT,Namiq
شارەوانى خەبات,MOMT,Namiq
شارەوانى شەقلاوە,MOMT,Namiq
شارەوانى رواندوز,MOMT,Namiq
شارەوانى چۆمان,MOMT,Namiq
شارەوانى مێرگەسۆر,MOMT,Namiq
شارەوانى مەخمور,MOMT,Namiq
شارەوانى کۆیه,MOMT,Namiq
شارەوانى سۆران,MOMT,Namiq
شارەوانى عەنکاوە,MOMT,Namiq
شارەوانى بازێ,MOMT,Namiq
شارەوانى پیرمام,MOMT,Namiq
بەڕێوەبەرایەتى شارەوانى یەک,MOMT,Namiq
بەڕێوەبەرایەتى شارەوانى دوو,MOMT,Namiq
بەڕێوەبەرایەتى شارەوانى سێ,MOMT,Namiq
بەڕێوەبەرایەتى شارەوانى چوار,MOMT,Namiq
بەڕێوەبەرایەتى شارەوانى پێنج,MOMT,Namiq
بەڕێوەبەرایەتى شارەوانى شەش,MOMT,Namiq
بەڕێوەبەرایەتى ئەندازەى پارکەکانى هەولێر,MOMT,Namiq
فەرمانگەى پارکى سامى عبدالرحمن,MOMT,Namiq
بەڕێوەبەراتى خزمەتگوزارى و ژینگە پارێزى,MOMT,Namiq
بەڕێوەبەرايەتى گشتى ئاو و ئاوەڕۆ,MOMT,Namiq
بەڕێوەبەرايەتى ئاو و ئاوەڕۆی هەولێر,MOMT,Namiq
بەڕێوەبەرايەتى ئاوى دەوروبەرى هەولێر,MOMT,Namiq
بەڕێوەبەرايەتى ئاوى سۆران,MOMT,Namiq
بەڕێوەبەرايەتى ئاوى كۆيە,MOMT,Namiq
بەڕێوەبەرايەتى وەرشەى ناوەندى,MOMT,Namiq
بەڕێوەبەرايەتى ئاوى سلێمانى,MOMT,Namiq
بەڕێوەبەرايەتى ئاوى دەوروبەرى سلێمانى,MOMT,Namiq
فەرمانگەى ئاوى چوارتا,MOMT,Namiq
فەرمانگەى ئاوى شارەزوور,MOMT,Namiq
فەرمانگەى ئاوى پێنجوێن,MOMT,Namiq
فەرمانگەى ئاوى دوكان,MOMT,Namiq
فەرمانگەى ئاوى پيرەمەگروون,MOMT,Namiq
فەرمانگەى ئاوى بازيان,MOMT,Namiq
فەرمانگەى ئاوى قەرەداغ,MOMT,Namiq
فەرمانگەى ئاوى دەربەنديخان,MOMT,Namiq
فەرمانگەى ئاوى سەيدسادق بەرزنجە,MOMT,Namiq
بەڕێوەبەرايەتى ئاوى دهۆك,MOMT,Namiq
بەڕێوەبەرايەتى ئاوى دەوربەرى دهۆك,MOMT,Namiq
بەڕێوەبەرايەتى ئاوەڕۆكانى دهۆك,MOMT,Namiq
بەڕێوەبەرايەتى ئاوى زاخۆ,MOMT,Namiq
بەڕێوەبەرايەتى ئاوى ئاكرێ,MOMT,Namiq
بەڕێوەبەرايەتى ئاوى هەڵەبجە,MOMT,Namiq
بەڕێوەبەرايەتى ئاوى ڕاپەڕين,MOMT,Namiq
بەڕێوەبەرايەتى ئاوى كەلار,MOMT,Namiq
بەڕێوەبەرايەتى ئاوى دەوروبەرى گەرميان,MOMT,Namiq
بەرێوەبەرایەتى گشتى شوێنەوار,MOMT,Namiq
بەڕێوەبەرایەتى شوێنەوارى هەولێر,MOMT,Namiq
بەڕێوەبەرایەتى شوێنەوارى سلێمانى,MOMT,Namiq
بەڕێوەبەرایەتى شوێنەوارى دهۆک,MOMT,Namiq
بەڕێوەبەرایەتى شوێنەوارى گەرمیان,MOMT,Namiq
بەڕێوەبەرایەتى شوێنەوارى سۆران,MOMT,Namiq
بەڕێوەبەرایەتى شوێنەوارى کۆیە,MOMT,Namiq
بەڕێوەبەرایەتى شوێنەوارى مێرگەسۆر,MOMT,Namiq
بەڕێوەبەرایەتى شوێنەوار و کەلەپوری زاخۆ,MOMT,Namiq
دیوانی وەزارەتی تەندروستی,MOH,Ihsan
ب. کۆنترۆڵ و هینان و دابەشکردنی دەرمان و پێداویستی پزیشکی,MOH,Ihsan
بەڕێوەبەرایەتی گشتی تەندروستی هەولێر,MOH,Ihsan
نەخۆشخانەی فریاکەوتنی رۆژهەڵات,MOH,Ihsan
نەخۆشخانەی فریاکەوتنی رۆژئاوا,MOH,Ihsan
نەخۆشخانەی نانەکەلی,MOH,Ihsan
نەخۆشخانەی ڕاپەڕین\ هەولێر,MOH,Ihsan
نەخۆشخانەی لەدایک بوونی هەولێر,MOH,Ihsan
پزیشکی دادوەری,MOH,Ihsan
نەخۆشخانەی رزگاری,MOH,Ihsan
نەخۆشخانەی هەولێری فێرکاری,MOH,Ihsan
ب\ تەندروستی سۆران,MOH,Ihsan
ب\ تەندروستی دەوروبەری هەولێر,MOH,Ihsan
ب. نەخۆشخانەی پیرمام,MOH,Ihsan
ب\ تەندروستى شەقلاوە,MOH,Ihsan
نەخۆشخانەی لەدایکبوونی سۆران,MOH,Ihsan
نەخۆشخانەی ئاشتی,MOH,Ihsan
ب\ تەندروستی بارزان,MOH,Ihsan
نەخۆشخانەی بلێ,MOH,Ihsan
ب\ تەندروستی چۆمان,MOH,Ihsan
بەڕێوەبەرایەتی گشتى تەندروستى / سلێمانی,MOH,Ihsan
نەخۆشخانەی دەربەندیخان,MOH,Ihsan
نەخۆشخانەی علی کمال,MOH,Ihsan
نەخۆشخانەی نەشتەگەری دڵ,MOH,Ihsan
نەخۆشخانەی منداڵ بوون,MOH,Ihsan
نەخۆشخانەی هیوا,MOH,Ihsan
نەخۆشخانەی شەهید ئاسۆی چاو,MOH,Ihsan
نەخۆشخانەی نەشتەرگەری فێرکاری خۆیەتی,MOH,Ihsan
نەخۆشخانەی منداڵان د.جمال,MOH,Ihsan
نەخۆشخانەی خۆپاراستن,MOH,Ihsan
نەخۆشخانەی هەناوی فێرکاری شەهید د.هێمن,MOH,Ihsan
نەخۆش خانەی فریاکەوتن,MOH,Ihsan
نەخۆشخانەی شاری فیرکاری,MOH,Ihsan
ب\ گشتی تەندروستی دهۆک,MOH,Ihsan
ب\ تەندرووستی قەزای بەردەرەش,MOH,Ihsan
ب\ تەندرووستی قەزای ئاکرێ,MOH,Ihsan
ب\ تەندرووستی قەزای زاخۆ,MOH,Ihsan
ب\ تەندرووستی قەزای ئامێدی,MOH,Ihsan
ب\ تەندرووستی قەزای سێمێل,MOH,Ihsan
ب\ خۆپاراستن,MOH,Ihsan
نەخۆشخانەی ئافرەتان و منداڵ بوون,MOH,Ihsan
نەخۆشخانەی چاڤا,MOH,Ihsan
نەخۆشخانەی سوتان و جوانکاری,MOH,Ihsan
نەخۆشخانەی فریاکەوتنی فێرکاری,MOH,Ihsan
نەخۆشخانەی هێجی فەرکاری مندالان,MOH,Ihsan
نەخۆشخانەی ئازادی فێرکاری,MOH,Ihsan
بەڕێوەبەرایەتی گشتی تەندروستی / هەڵەبجە,MOH,Ihsan
ب\ گشتی تەندروستی کۆیە,MOH,Ihsan
ب\ گشتی تەندروستی گەرمیان,MOH,Ihsan
بەڕێوەبەرایەتی تەندروستی چەمچەماڵ,MOH,Ihsan
ب\ گشتی تەندروستی ڕاپەڕین,MOH,Ihsan
دیوانی وەزارەتی داد,MOJ,Helen
ئەنجومەنی شورای هەرێم,MOJ,Helen
سەرۆکایەتی دەستەی سەرپەرشتیاری دادی,MOJ,Helen
سەرۆکایەتی داواکاری کشتی,MOJ,Helen
بەرێوەبەرایەتی گشتی تۆمارکردنی خانووبەرە,MOJ,Helen
بەڕێوەبەرایەتی تۆمارکردنی خانووبەرەی سمێل,MOJ,Helen
بەڕێوەبەرایەتی تۆمارکردنی خانووبەرەی ئاکرێ,MOJ,Helen
بەڕێوەبەرایەتی تۆمارکردنی خانووبەرەی زاخۆ,MOJ,Helen
بەڕێوەبەرایەتی تۆمارکردنی خانووبەرەی دهوک,MOJ,Helen
بەڕێوەبەرایەتی تۆمارکردنی خانووبەرەی چەمچەماڵ,MOJ,Helen
بەڕێوەبەرایەتی تۆمارکردنی خانووبەرەی هەڵەبجە,MOJ,Helen
بەڕێوەبەرایەتی تۆمارکردنی خانووبەرەی کۆیە,MOJ,Helen
بەڕێوەبەرایەتی تۆمارکردنی خانووبەرەی سۆران,MOJ,Helen
بەڕێوەبەرایەتی تۆمارکردنی خانوبەرەی راپەڕین,MOJ,Helen
بەڕێوەبەرایەتی تۆمارکردنی خانوبەرەی گەرمیان,MOJ,Helen
بەڕێوەبەرایەتی تۆمارکردنى خانوبەرەی دووەمی سلێمانى,MOJ,Helen
بەڕێوەبەرایەتی تۆمارکردنى خانوبەرەی یەکەمی سلێمانى,MOJ,Helen
بەڕێوەبەرایەتی تۆمارکردنی خانوبەرەی دووەمی هەولێر,MOJ,Helen
بەڕێوەبەرایەتی تۆمارکردنی خانوبەرەی یەکەمی هەولێر,MOJ,Helen
تێبینەرایەتی بەڕێوەبەرایەتی تۆمارکردنی خانووبەرەی ئاکرێ,MOJ,Helen
بەرێوەبەرایەتی گشتی فەرمانکەکانی داد,MOJ,Helen
فەرمانگەی دادنووسی دهۆک,MOJ,Helen
فەرمانگەکانی دادنووسی ڕاپەڕین,MOJ,Helen
فەرمانکەی دادنووسی سۆران,MOJ,Helen
فەرمانکەی دادنوسی کۆیە,MOJ,Helen
فەرمانگەی داواکاری گشتی گەرمیان,MOJ,Helen
فەرمانگەی داواکاری گشتی سلێمانی,MOJ,Helen
فەرمانگەی داواکاری گشتی دهۆک,MOJ,Helen
فەرمانگەی داواکاری کشتی هەولێر,MOJ,Helen
فەرمانگەی سەرپەرشتیاری دادی سلێمانی,MOJ,Helen
فەرمانگەی دادنووسى یەکەمی سلێمانی,MOJ,Helen
فەرمانگەی دادنووسی هەڵەبجە,MOJ,Helen
فەرمانگەی دادنووسی یەکەمی هەولێر,MOJ,Helen
بەڕێوەبەرایەتی گشتی پەیمانگەی دادوەری,MOJ,Helen
بەڕێوەبەرایەتی جێ بەجێ کردنی هەولێر,MOJ,Helen
بەڕێوەبەرایەتی جێ بەجێ کردنی سۆران,MOJ,Helen
بەڕێوەبەرایەتی جاودیری ناکامەکانی دهوک,MOJ,Helen
بەرێوەبەرایەتی چاودێری ناکامەکانی سلیمانی,MOJ,Helen
بەرێوەبەرایەتی چاودیری ناکامەکانی هەولێر,MOJ,Helen
بەرێوەبەرایەتی جێبەجێکردنی دهۆک,MOJ,Helen
بەرێوەبەرایەتی جێبەجێکردنی هەڵەبجە,MOJ,Helen
بەرێوەبەرایەتی جێبەجێکردنی ڕاپەڕین,MOJ,Helen
بەرێوەبەرایەتی جێبەجێکردنی سلیمانی,MOJ,Helen
دیوانی وەزارەتی کار و کاروباری کۆمەڵایەتی,MOLSA,Awara
بەڕێوەبەرایەتی سندوقی پشتیوانی پرۆژە بچووکەکانی لاوان,MOLSA,Awara
بەرێوەبەرایەتی گشتی چاکسازی کۆمەلایەتی,MOLSA,Awara
بەرێوەبەرایەتی چاکسازی ژنان و مندالان سلێمانی,MOLSA,Awara
بەڕێوەبەرایەتی چاکسازى گەوران سلێمانی,MOLSA,Awara
بەرێوەبەرایەتی چاکسازی گەوران هەولێر,MOLSA,Awara
بەڕێوەبەرایەتی چاکسازی ژنان و منداڵان / هەولێر,MOLSA,Awara
بەڕێوەبەرایەتی چاکسازی گەوران دهۆك,MOLSA,Awara
بەڕێوەبەرایەتی چاکسازی ژنان و منداڵان / دهۆک,MOLSA,Awara
بەرێوەبەرایەتی گشتی کارو دەستەبەری کۆمەلایەتی,MOLSA,Awara
بەرێوەبەرایەتی کار و راهێنانی پیشەیی زاخۆ,MOLSA,Awara
بەرێوەبەرایەتی کارو راهێنانی پیشەیی /سۆران,MOLSA,Awara
بەرێوەبەرایەتی کارو راهێنانی پیشەیی / گەرمیان,MOLSA,Awara
بەرێوەبەرایەتی کاری / دهۆك,MOLSA,Awara
بەرێوەبەرایەتی راهێنانی پیشەیی / دهۆک,MOLSA,Awara
بەرێوەبەرایەتی دەستەبەری کۆمەلایەتی بۆ کرێکاران/ دهۆك,MOLSA,Awara
بەرێوەبەرایەتی کاری / سلێمانی,MOLSA,Awara
بەرێوەبەرایەتی راهێنانی پیشەیی / سلێمانی,MOLSA,Awara
بەرێوەبەرایەتی دەستەبەری کۆمەلایەتی بۆ کرێکاران/ سلێمانی,MOLSA,Awara
بەرێوەبەرایەتی کاری / هەولێر,MOLSA,Awara
بەرێوەبەرایەتی راهێنانی پیشەیی / هەولێر,MOLSA,Awara
بەرێوەبەرایەتی دەستەبەری کۆمەلایەتی بۆ کرێکاران/ هەولێر,MOLSA,Awara
بەرێوەبەرایەتی گشتی چاودێری و گەشە پێدانی کۆمەلایەتی هەولێر,MOLSA,Awara
بەڕێوەبەرایەتی چاودێری کەمئەندام / هەولێر,MOLSA,Awara
بەرێوەبەرایەتی چاودێری کۆمەلایەتی هەولێر,MOLSA,Awara
بەرێوەبەرایەتی چاودێری و گەشە پێدانی کۆمەلایەتی سۆران,MOLSA,Awara
بەرێوەبەرایەتی چاودێری و گەشە پێدانی کۆمەلایەتی کۆیە,MOLSA,Awara
بەرێوەبەرایەتی تۆری پاراستنی کۆمەلایەتی هەولێر,MOLSA,Awara
بەرێوەبەرایەتی گشتی چاودێری و گەشە پێدانی کۆمەڵایەتی سلێمانی,MOLSA,Awara
بەڕێوەبەرایەتی چاودێری کۆمەڵایەتی / سلێمانی,MOLSA,Awara
بەڕێوەبەرایەتی چاودێری کەمئەندامان / سلێمانی,MOLSA,Awara
بەرێوەبەرایەتی تۆری پاراستنی کۆمەلایەتی سلێمانی,MOLSA,Awara
بەرێوەبەرایەتی چاودێری و گەشە پێدانی کۆمەلایەتی/هەڵەبجە,MOLSA,Awara
بەرێوەبەرایەتی تۆری پاراستنی کۆمەلایەتی/ هەڵەبجە,MOLSA,Awara
بەرێوەبەرایەتی چاودێری و گەشە پێدانی کۆمەلایەتی چەمچەماڵ,MOLSA,Awara
بەرێوەبەرایەتی چاودێری کۆمەلایەتی سلێمانی,MOLSA,Awara
بەرێوەبەرایەتی چاودێری و گەشە پێدانی کۆمەلایەتی بتوێن/ رانیە,MOLSA,Awara
بەرێوەبەرایەتی چاودێری و گەشە پێدانی کۆمەلایەتی دەربەندیخان,MOLSA,Awara
بەرێوەبەرایەتی گشتی چاودێری و گەشە پێدانی کۆمەلایەتی گەرمیان,MOLSA,Awara
بەرێوەبەرایەتی چاودێری کۆمەلایەتی و گەشە پێدانی کۆمەلایەتی سمێل,MOLSA,Awara
بەرێوەبەرایەتی چاودێری و گەشە پێدانی کۆمەڵایەتی ئامێدی,MOLSA,Awara
بەرێوەبەرایەتی چاودێری کۆمەلایەتی و گەشە پێدانی کۆمەلایەتی شێخان,MOLSA,Awara
بەرێوەبەرایەتی چاودێری کۆمەلایەتی و گەشە پێدانی کۆمەلایەتی زاخو,MOLSA,Awara
بەرێوەبەرایەتی چاودێری کۆمەلایەتی و گەشە پێدانی کۆمەلایەتی ئاکرێ,MOLSA,Awara
بەرێوەبەرایەتی تۆری پاراستنی کۆمەلایەتی دهۆک,MOLSA,Awara
بەڕێوەبەرایەتی چاودێری کۆمەڵایەتی / دهۆک,MOLSA,Awara
بەرێوەبەرایەتی گشتی چاودێری و گەشە پێدانی کۆمەلایەتی دهۆک,MOLSA,Awara
بەرێوەبەرایەتى چاودێرى کەمئەندامان / دهۆک,MOLSA,Awara
دیوانی وەزارەتی پەروەردە,MOE,Resa
بەڕێوەبەرایەتی تەلەڤزیۆنی پەروەردەیی,MOE,Resa
بەڕێوەبەرایەتی خوێندنی کوردی لە کەرکوک,MOE,Resa
پەیمانگەى هونەرەجوانەکانی کەرکوک,MOE,Resa
بەڕێوەبەرایەتی گشتی ئەزمونەکان,MOE,Resa
بەڕێوەبەرایەتی گشتی پەروەردەى هەولێر,MOE,Resa
بەڕێوەبەرایەتی پەروەردەى دەوروبەری هەولێر,MOE,Resa
بەڕێوەبەرایەتی پەروەردەى ناوەندی هەولێر,MOE,Resa
بەڕێوەبەرایەتی پەروەردەی دەشتی هەولێر,MOE,Resa
بەڕێوەبەرایەتی چاپخانەى هەولێر,MOE,Resa
پەیمانگاکانی هەولێر,MOE,Resa
بەڕێوەبەرایەتی پەروەردەى رواندز,MOE,Resa
بەڕێوەبەرایەتی پەروەردەى مێرگەسۆر,MOE,Resa
بەڕێوەبەرایەتی پەروەردەى کۆیە,MOE,Resa
بەڕێوەبەرایەتی پەروەردەى مخمور,MOE,Resa
بەڕێوەبەرایەتی پەروەردەى خەبات,MOE,Resa
پەیمانگەی کۆمپیوتەری سۆران و هونەرەجوانەکانی رواندز,MOE,Resa
پەیمانگەکانی کۆیە,MOE,Resa
بەڕێوەبەرایەتی پەروەردەى شەقلاوە,MOE,Resa
بەڕێوەبەرایەتی پەروەردەى سۆران,MOE,Resa
پەیمانگەى پەروەردەى وەرزشی شەقلاوە,MOE,Resa
بەرێوەبەرایەتی گشتی پەروەردە سلێمانی,MOE,Resa
بەڕێوەبەرایەتی پەروەردەى رۆژئاوای سلێمانی,MOE,Resa
بەڕێوەبەرایەتی پەروەردەى ڕۆژهەڵاتی سلێمانی,MOE,Resa
بەڕێوەبەرایەتی چاپخانەى سلێمانی,MOE,Resa
بەڕێوەبەرایەتی پەروەردەى چۆمان,MOE,Resa
بەڕێوەبەرایەتی پەروەردەی قرداغ,MOE,Resa
بەڕێوەبەرایەتی پەروەردەی دربندیخان,MOE,Resa
بەڕێوەبەرایەتی پەروەردەی دوکان,MOE,Resa
بەڕێوەبەرایەتی پەروەردەی رانیە,MOE,Resa
بەڕێوەبەرایەتی پەروەردەی سیدصادق,MOE,Resa
بەڕێوەبەرایەتی پەروەردەی شارباژیر,MOE,Resa
بەڕێوەبەرایەتی پەروەردەی پشدەر,MOE,Resa
بەڕێوەبەرایەتی پەروەردەی شارەزوور,MOE,Resa
بەڕێوەبەرایەتی پەروەردەى پێنجوێن,MOE,Resa
پەیمانگاکانی سلێمانی,MOE,Resa
پەیمانگەکانی رانیە,MOE,Resa
بەڕێوەبەرایەتی گشتی پەروەردەى دهۆک,MOE,Resa
بەڕێوەبەرایەتی پەروەردەى ڕۆژئاوای دهۆک,MOE,Resa
بەڕێوەبەرایەتی پەروەردەى ڕۆژهەڵاتی دهۆک,MOE,Resa
پەیمانگاکانی دهۆک,MOE,Resa
بەڕێوەبەرایەتی پەروەردەى تلکێف,MOE,Resa
بەڕێوەبەرایەتی پەروەردەى ئاکرێ,MOE,Resa
پەیمانگاکانی ئاکرێ,MOE,Resa
بەڕێوەبەرایەتی پەروەردەى سێمێل,MOE,Resa
بەڕێوەبەرایەتی پەروەردەى بەردەرەش,MOE,Resa
بەڕێوەبەرایەتی پەروەردەى شێخان,MOE,Resa
بەڕێوەبەرایەتی پەروەردەى ئامێدی,MOE,Resa
بەڕێوەبەرایەتی پەروەردەى شنگال,MOE,Resa
بەڕێوەبەرایەتی گشتی پەروەردەى زاخۆ,MOE,Resa
پەیمانگەى پەروەردەى وەرزشی زاخۆ,MOE,Resa
بەڕێوەبەرایەتی گشتی پەروەردەى گەرمیان,MOE,Resa
بەڕێوەبەرایەتی پەروەردەى خانەقین,MOE,Resa
پەیمانگاکانی چەمچەماڵ,MOE,Resa
بەڕێوەبەرایەتی پەروەردەی چمچمال,MOE,Resa
بەڕێوەبەرایەتی پەروەردەى کفری,MOE,Resa
بەڕێوەبەرایەتی پەروەردەى کلار,MOE,Resa
پەیمانگاکانی گەرمیان,MOE,Resa
پەیمانگەى هونەرە جوانەکانی خانەقین,MOE,Resa
بەڕێوەبەرایەتی گشتی پەروەردەى هەڵەبجە,MOE,Resa
پەیمانگەى هونەرەجوانەکانی هەڵەبجە,MOE,Resa
دیوانی وەزارەتی پێشمەرگە,MOPA,Nisha'
فەرماندەیی هێزەکانی ٧٠,MOPA,Nisha'
فەرماندەیی هێزەکانی ۸۰,MOPA,Nisha'
دیوانی  وەزارەتی پلاندانان,MOP,Musleh
دەستەی پێوانەسازی و کۆنتڕۆلی جۆری,MOP,Musleh
ب. پێوانەسازی و کۆنتڕۆلی جۆری هەولێر,MOP,Musleh
ب. پێوانەسازی و کۆنتڕۆلی جۆری دهۆک,MOP,Musleh
ب. پێوانەسازی و کۆنتڕۆلی جۆری سلێمانی,MOP,Musleh
دەستەی ئاماری هەرێم,MOP,Musleh
بەڕێوەبەرایەتی ئامار / هەولێر,MOP,Musleh
بەڕێوەبەرایەتی ئامار / سلێمانی,MOP,Musleh
بەڕێوەبەرایەتی ئامار / دهۆک,MOP,Musleh
فەرمانگەی ئاماری کۆیە,MOP,Musleh
بەڕێوەبەرایەتی ئامار / گەرمیان,MOP,Musleh
بەڕێوەبەرایەتی ئامار / زاخۆ,MOP,Musleh
بەڕێوەبەرایەتی ئاماری قەزای سۆران,MOP,Musleh
بەڕێوەبەرایەتی ئاماری ئیدارەی ڕاپەڕین,MOP,Musleh
دیوانی وەزارەتی خوێندنی باڵا و توێژینەوەی زانستی,MOHE,Begard
ئەنجومەنی باڵای کوردستان پسپۆرایەتی پزیشکی,MOHE,Begard
دەستەى کوردستان بۆ دراساتى ستراتیجى و توێژینەوەى زانستى / سلێمانی,MOHE,Begard
زانکۆى هەڵەبجە,MOHE,Begard
زانکۆى سلێمانی,MOHE,Begard
زانکۆى کۆیە,MOHE,Begard
زانکۆی چەرمۆ,MOHE,Begard
زانکۆی سۆران,MOHE,Begard
زانکۆی سەڵاحەدین,MOHE,Begard
بەڕێوەبەرایەتی چاپخانەی زانکۆ / هەولێر,MOHE,Begard
زانکۆی هەولێری پزیشکی,MOHE,Begard
زانکۆی گەرمیان,MOHE,Begard
زانکۆی راپەڕین,MOHE,Begard
زانکۆی زاخۆ,MOHE,Begard
زانکۆی پۆلیتەکنیکی هەولێر,MOHE,Begard
پەیمانگاى تەکنیکى کۆیە,MOHE,Begard
کۆلێژی تەکنیکی شەقڵاوە,MOHE,Begard
پەیمانگای تەکنیکی سۆران,MOHE,Begard
پەیمانگای تەکنیکی چۆمان,MOHE,Begard
پەیمانگای تەکنیکی مێرگەسور,MOHE,Begard
پەیمانگای تەکنیکی خەبات,MOHE,Begard
زانکۆى پۆلیتەکنیکى سلێمانى,MOHE,Begard
پەیمانگاى تەکنیکى دەربەندیخان,MOHE,Begard
پەیمانگای تەکنيکی کەلار,MOHE,Begard
پەیمانگاى تەکنیکى دوکان,MOHE,Begard
پەیمانگاى تەکنیکى هەڵًەبجە,MOHE,Begard
کۆلێژی تەکنیکى زانستە پڕاکتیکییەکان هەڵًەبجە,MOHE,Begard
زانکۆي دهۆک,MOHE,Begard
کۆلیژا زانستێن مرۆڤایەتی / دهۆک,MOHE,Begard
کۆلێژی ڤێتێرنەری / دهۆک,MOHE,Begard
کۆلێژی چاندن و دارستان / دهۆک,MOHE,Begard
کۆلێژی پەروەردەی بونیات / دهۆک,MOHE,Begard
کۆلێژی زانست / دهۆک,MOHE,Begard
کۆلێژی ئەندازياری / دهۆک,MOHE,Begard
کۆلێژی پزيشکی دهۆک,MOHE,Begard
کۆليژا کارگێڕی و ئابوری / دهۆک,MOHE,Begard
کولێژی پەروەردەی ئاکرێ,MOHE,Begard
زانکۆی پۆلیتەکنيکی / دهۆک,MOHE,Begard
پەیمانگەھا تەکنیکی زاخۆ,MOHE,Begard
پەیمانگای تەکنيکی کارگێڕی دهۆک,MOHE,Begard
پەیمانگای تەکنيکی دهۆک,MOHE,Begard
پەیمانگاها تەکنیکی / شێخان,MOHE,Begard
پەیمانگەھا تەکنیکی / ئامێدی,MOHE,Begard
پەیمانگەها تەکنیکی / بەردەڕەش,MOHE,Begard
پەیمانگای تەکنیکی ئاکرێ,MOHE,Begard
کۆلێژی تەکنیکی هەڵەبجە,MOHE,Begard
پەیمانگای تەکنیکی چەمچەماڵ,MOHE,Begard
دیوانی وەزارەتی گواستنەوە و گەیاندن,MOTAC,Helen
بەڕێوەبەرایەتی گشتی فڕۆکەخانەى نیودەوڵەتى سلێمانی,MOTAC,Helen
بەڕێوەبەرایەتی گشتی فڕۆکەخانەی نێودەوڵەتی هەولێر,MOTAC,Helen
بەرێوەبەرایەتی گشتی گواستنەوەی زەمینی,MOTAC,Helen
بەرێوەبەرایەتی پۆستەو گەیاندنی گەرمیان,MOTAC,Helen
بەرێوەبەرایەتی پۆستەو گەیاندنی ڕاپەڕین,MOTAC,Helen
بەرێوەبەرایەتی پۆستەو گەیاندنی دهۆک,MOTAC,Helen
بەرێوەبەرایەتی پۆستەی گەیاندنی سلیمانی,MOTAC,Helen
بەڕێوەبەرایەتی پۆستەی هەڵەبجە,MOTAC,Helen
بەرێوەبەرایەتی گەیاندنی هەولێر,MOTAC,Helen
بەرێوەبەرایەتی پۆستەی هەولێر,MOTAC,Helen
بەرێوەبەرایەتی پۆستەو گەیاندنی زاخۆ,MOTAC,Helen
بەرێوەبەرایەتی گواستنەوەی گەرمیان,MOTAC,Helen
بەرێوەبەرایەتی گواستنەوەی ڕاپەڕین,MOTAC,Helen
بەرێوەبەرایەتی گواستنەوەی دهۆک,MOTAC,Helen
بەرێوەبەرایەتی گواستنەوەی سلێمانی,MOTAC,Helen
بەرێوەبەرایەتی گواستنەوەی هەولێر,MOTAC,Helen
بەرێوەبەرایەتی گواستنەوەی سۆران,MOTAC,Helen
بەرێوەبەرایەتی گشتی کەشناسی,MOTAC,Helen
بەرێوەبەرایەتی کەشناسی دهۆک,MOTAC,Helen
بەرێوەبەرایەتی کەشناسی سلیمانی,MOTAC,Helen
بەرێوەبەرایەتی کەشناسی هەولێر,MOTAC,Helen
دیوانی وەزارەتی ئاوەدانکردنەوە و نیشتەجێکردن,MOHR,Tarin
فەرمانگەی ئاوەدانکردنەوەی کەرکوک,MOHR,Tarin
بەڕێوەبەرایەتى تاقیگەى بیناسازى / کۆیە,MOHR,Tarin
بەڕێوەبەرایەتی تاقیگەی بیناسازی / هەولێر,MOHR,Tarin
بەڕێوەبەرایەتی تاقیگەى بیناسازى / سلێمانی,MOHR,Tarin
بەڕێوەبەرایەتی تاقيگەی بيناسازی / گەرمیان,MOHR,Tarin
بەڕێوەبەرایەتی تاقيگەی بيناسازی / زاخۆ,MOHR,Tarin
بەڕێوەبەرایەتی گشتی رێگاوبان و ئاوەدانکردنەوە / هەولێر,MOHR,Tarin
بەڕێوەبەرایەتی چاککردنەوە و پاراستنی رێگاوبان / هەولێر,MOHR,Tarin
بەڕێوەبەرایەتی ڕێگاوبان / هەولێر,MOHR,Tarin
بەڕێوەبەرایەتی وێستگەى کێش / هەولێر,MOHR,Tarin
بەڕێوەبەرایەتی ئاوەدانکردنەوە و نیشتەجێکردن / هەوڵێر,MOHR,Tarin
بەڕێوەبەرایەتى چاککردنەوە و پارستنى رێگاوبان / کۆیە,MOHR,Tarin
بەڕێوەبەرایەتی چاککردنەوەو پاراستنی ڕێگاوبانی سۆران,MOHR,Tarin
بەڕێوەبەرایەتی گشتی رێگاوبان و ئاوەدانکردنەوە و نیشتەجێکردنى / سلێمانی,MOHR,Tarin
بەڕێوەبەرایەتى چاککردنەوەى ئامێرەکانى سلێمانى,MOHR,Tarin
بەڕێوەبەرایەتی ئاوەدانکردنەوە و نیشتەجێکردنى / سلێمانی,MOHR,Tarin
بەڕێوەبەرایەتی وێستگەى کێش / سلێمانی,MOHR,Tarin
بەڕێوەبەرایەتی چاککردنەوە و پاراستنى رێگاوبان / سلێمانی,MOHR,Tarin
بەڕێوەبەرایەتی ڕێگاوبان / سلێمانی,MOHR,Tarin
بەڕێوەبەرایەتى چاککردنەوەوپاراستنى ڕێگاوبانى چەمچەماڵ,MOHR,Tarin
بەڕێوەبەرایەتی ئاوەدانکردنەوەو نیشتەجێ کردنی هەڵەبجە,MOHR,Tarin
بەڕێوەبەرایەتی رێگاوبان / هەڵەبجە,MOHR,Tarin
بەڕێوەبەرایەتی ئاوەدانکردنەوە و نیشتەجێکردن / گەرمیان,MOHR,Tarin
بەڕێوەبەرایەتی چاککردنەوە و پاراستنی ڕێگەوبانی / خانەقین,MOHR,Tarin
بەڕێوەبەرایەتى چاککردنەوەوپاراستنى ڕێگاوبانى گەرمیان,MOHR,Tarin
بەڕێوەبەرایەتى ڕێگاوبانى گەرمیان,MOHR,Tarin
بەڕێوەبەرایەتی چاککردنەوە و پاراستنی رێگاوبان / راپەڕین,MOHR,Tarin
بەڕێوەبەرایەتی گشتی رێگاوبان و ئاوەدانکردنەوە و نیشتەجێکردنی دهۆک,MOHR,Tarin
بەڕێوەبەرایەتی چاککردنەوە و پاراستنی رێگاوبان / دهۆک,MOHR,Tarin
بەڕێوەبەرایەتی ئاوەدانکردنەوە و نیشتەجێکردنی دهۆک,MOHR,Tarin
بەڕێوەبەرایەتی رێگاوبان / دهۆک,MOHR,Tarin
بەڕێوەبەرایەتی وێستگەى کێش/ دهۆک,MOHR,Tarin
بەڕێوەبەرایەتی چاککردن و پاراستنی ڕێگەوبانی زاخۆ,MOHR,Tarin
بەڕێوەبەرایەتی چاککردن و پاراستنی ڕێگەوبانی ئاکرێ,MOHR,Tarin
بەڕێوەبەرایەتی تاقیگەی بیناسازی / دهۆک,MOHR,Tarin
دیوانی وەزارەتی کشتوکاڵ و سەرچاوەکانی ئاو,MOAWR,Awara
بەرێوەبەرایەتى تاقیگەى ناوەندى لە هەرێم,MOAWR,Awara
بەرێوەبەرایەتى راهێنانى کشتوکاڵى لەهەرێم,MOAWR,Awara
بەڕێوەبەرایەتی گشتی بەنداو و کۆگاکانی ئاو,MOAWR,Awara
بەڕێوەبەرایەتی بەنداوى دوکان,MOAWR,Awara
بەڕێوەبەرایەتی بەنداوى دەربەندیخان,MOAWR,Awara
بەرێوەبەرایەتى بەنداوى دهۆک,MOAWR,Awara
بەرێوەبەرایەتى گشتى سەرچاوەکانى ئاو,MOAWR,Awara
بەرێوەبەرایەتى ئاوى ژێرزەوى گەرمیان,MOAWR,Awara
بەرێوەبەرایەتى ئاوى ژێرزەوى دهۆک,MOAWR,Awara
بەرێوەبەرایەتى ئاوى ژێرزەوى سلێمانی,MOAWR,Awara
بەڕێوەبەرایەتی ئاوی ژێرزەوی / هەولێر,MOAWR,Awara
بەڕێوەبەرایەتی ئاوی ژێرزەوی زاخۆ,MOAWR,Awara
بەرێوەبەرایەتى گشتى سامانى ئاژەڵ و ڤێتیرنەرى,MOAWR,Awara
بەرێوەبەرایەتى ڤێتیرنەرى دهۆک,MOAWR,Awara
بەرێوەبەرایەتى ڤێتیرنەرى سلێمانی,MOAWR,Awara
بەڕێوەبەرایەتی ڤێتێرنەری / گەرميان,MOAWR,Awara
بەڕێوەبەرایەتی ڤێتێرنەری / هەولێر,MOAWR,Awara
بەڕێوەبەرایەتی ڤێتێرنەری کۆیە,MOAWR,Awara
بەڕێوەبەرایەتی ڤێتێرنەری زاخۆ,MOAWR,Awara
بەرێوەبەرایەتى گشتى کشتوکاڵى هەولێر,MOAWR,Awara
بەڕێوەبەرایەتی دارستان و پاوانی / هەولێر,MOAWR,Awara
بەرێوەبەرایەتى کشتوکاڵى کۆیە,MOAWR,Awara
بەرێوەبەایەتى توێژینەوەى کشتوکاڵى هەولێر,MOAWR,Awara
بەرێوەبەرایتى ئاودێرى هەولێر,MOAWR,Awara
بەرێوەبەرایتى ئاودێرى کۆیە,MOAWR,Awara
بەڕێوەبەرایەتی گشتی کشتوکاڵ / سلێمانی,MOAWR,Awara
بەڕێوەبەرایەتی دارستان و پاوان / سلێمانی,MOAWR,Awara
بەرێوەبەرایەتى کشتوکاڵى چهچهاڵ,MOAWR,Awara
بەرێوەبەرایتى ئاودێرى سلێمانی,MOAWR,Awara
بەرێوەبەایەتى توێژینەوەى کشتوکاڵى سلێمانی,MOAWR,Awara
بەرێوەبەرایەتى گشتى کشتوکاڵى دهۆک,MOAWR,Awara
بەڕێوەبەرایەتی کشتوکاڵی ئامێدی,MOAWR,Awara
بەرێوەبەرایەتى کشتوکاڵى ئاکرى,MOAWR,Awara
بەرێوەبەرایەتى کشتوکاڵى زاخۆ,MOAWR,Awara
بەرێوەبەرایەتى توێژینەوە کشتوکاڵى زاخۆ,MOAWR,Awara
بەرێوەبەرایەتى دارستان و پاوانى دهۆک,MOAWR,Awara
بەرێوەبەایەتى توێژینەوەى کشتوکاڵى دهۆک,MOAWR,Awara
بەرێوەبەرایتى ئاودێرى دهۆک,MOAWR,Awara
بەڕێوەبەرایەتی دارستان و پاوانی زاخۆ,MOAWR,Awara
بەرێوەبەرایەتى ئاودێرى زاخۆ,MOAWR,Awara
بەرێوەبەرایەتى گشتى کشتوکاڵى گەرمیان,MOAWR,Awara
بەرێوەبەرایەتى کشتوکاڵى کەلار,MOAWR,Awara
بەرێوەبەرایتى ئاودێرى گەرمیان,MOAWR,Awara
بەڕێوەبەرایەتی دارستان و پاوان / گەرميان,MOAWR,Awara
بەرێوەبەرایەتى گشتى کشتوکاڵى هەڵەبجە,MOAWR,Awara
سەرۆکایەتی ئەنجومەنی وەزیران,COM,Ihsan
ئەکادیمیای کوردی,COM,Ihsan
دیوانی دەستەی وەبەرهێنان,BOI,Awara
بەڕێوەبەرایەتی گشتی وەبەرهێنان / هەولێر,BOI,Awara
بەڕێوەبەرایەتی گشتی وەبەرهێنان/ سلێمانی,BOI,Awara
بەڕێوەبەرایەتی وەبەرهێنانی گەرمیان,BOI,Awara
بەڕێوەبەرایەتی وەبەرهێنانی ڕاپەڕین,BOI,Awara
بەڕێوەبەرایەتی گشتی وەبەرهێنان/ دهۆک,BOI,Awara
بەڕێوەبەرایەتی وەبەرهێنانی سۆران,BOI,Awara
"بەڕێوەبەرایەتی وەبەرهێنانی زاخۆ
",BOI,Awara
بەڕێوەبەرایەتی گشتی وەبەرهێنانی هەڵەبجە,BOI,Awara
دەستەی گشتی ناوچە کوردستانیەکانی دەرەوەی هەرێم,KAGB,Awara
دیوانی دەستەی پاراستن و چاککردنی ژینگە,BOE,Awara
فەرمانگەی ژینگەی سلێمانی,BOE,Awara
فەرمانگەی ژینگەی هەولێر,BOE,Awara
فەرمانگەی ژینگە / دهۆک,BOE,Awara
فەرمانگەی ژينگە / گەرميان,BOE,Awara
دەزگای گشتی کاروباری مین /دیوانی دەزگا,MAA,Awara
بەرێوەبەرایەتی گشتی کاروباری مین/سلێمانی,MAA,Awara
بەرێوەبەرایەتی گشتی کاروباری مین/گەرمیان,MAA,Awara
دەزگای گشتی کارو باری میین \ دهۆک,MAA,Awara
دەزگای گشتی کارو باری میین \ هەولێر,MAA,Awara
بەڕێوبەرایەتی گشتی چاودێری و گەشەپێدانی کۆمەڵایەتی  سلێمانی,MAA,Awara
بەرێوەبەرایەتی گشتی دیوان وەزارەت,MOFE,Rekan
ناوەندى پەرەپێداتی کارگێری و دارایی سلێمانی,MOFE,Rekan
بەرێوەبەرایەتی ئەندازیارى و هونەرى هەولێر,MOFE,Rekan
بەرێوەبەرایەتی کۆمەلگای دەروازەى نێودەوڵەتی سەر زێرى,MOFE,Rekan
بەرێوەبەرایەتی کۆمەلگای دەروازەى نێودەوڵەتی پێشابوور,MOFE,Rekan
بەڕێوەبەرایەتی ئەندازیاری وهونەری - دهۆک,MOFE,Rekan
بەڕێوەبەرایەتی ئەندازیارى و هونەرى / سلێمانی,MOFE,Rekan
بەڕێوەبەرایەتی کۆمەڵگای دەروازەی نێودەوڵەتی باشماخ,MOFE,Rekan
بەڕێوەبەرایەتی کۆمەلگای دەروازەی پەروێزخان,MOFE,Rekan
بەڕێوەبەرایەتی کۆمەڵگای حاجی ئۆمەران,MOFE,Rekan
بەڕێوەبەرایەتی کۆمەلگای دەروازەی نێودەوڵەتی / ئیبراهیم خەلیل,MOFE,Rekan
بەڕێوەبەرایەتی گشتی بانکی ناوەندی هەرێم/سلێمانی,MOFE,Rekan
بەڕێوەبەرایەتی گشتی بانکە بازرگانییەکان,MOFE,Rekan
بانکی داسنیا,MOFE,Rekan
بانکی پێرس,MOFE,Rekan
بانکی گارە,MOFE,Rekan
بانکی گوڵان,MOFE,Rekan
بانکی منارە,MOFE,Rekan
بانکی رواندز,MOFE,Rekan
بانکی بابان,MOFE,Rekan
بانکی تانجەڕۆ,MOFE,Rekan
بانکی شارەزوور,MOFE,Rekan
بانکی زانکۆی دهۆک,MOFE,Rekan
بانکی ئامەد,MOFE,Rekan
بانکی ئەزمەڕ,MOFE,Rekan
بانکی کوردسات,MOFE,Rekan
بانکی باشماخ,MOFE,Rekan
بانکی ماوەت,MOFE,Rekan
بانکی شێروانە,MOFE,Rekan
بانکی باخان,MOFE,Rekan
بانکی سەروەرى,MOFE,Rekan
بانکی بەختیارى,MOFE,Rekan
بانکی کێوەرەرش,MOFE,Rekan
بانکی چەرموو,MOFE,Rekan
بانکی تووى مەلیک,MOFE,Rekan
بانکی سیدصادق,MOFE,Rekan
بانکی مەلکەندى,MOFE,Rekan
بانکی چوارتا,MOFE,Rekan
بانکی پێنجوێن,MOFE,Rekan
بانکی زانکۆى سلێمانى,MOFE,Rekan
بانکی فرۆکەخانە,MOFE,Rekan
بانکی گۆیژە,MOFE,Rekan
بانکی گەرمیان,MOFE,Rekan
بانکی دەربەندیخان,MOFE,Rekan
بانکی ئالاى هەرێم,MOFE,Rekan
بانکی چەمچەماڵ,MOFE,Rekan
بانکی رانیە,MOFE,Rekan
بانکی کفرى,MOFE,Rekan
بانکی هەڵەبجە,MOFE,Rekan
بانکی ئاشتى,MOFE,Rekan
بانکی دومیز,MOFE,Rekan
بانکی هیزل,MOFE,Rekan
بانکی خابور,MOFE,Rekan
بانکی سرسنگ,MOFE,Rekan
بانکی سولاف,MOFE,Rekan
بانکی مەتین,MOFE,Rekan
بانکی باتیفا,MOFE,Rekan
بانکی مالتا,MOFE,Rekan
بانکی شیلادزێ,MOFE,Rekan
بانکی مانگێش,MOFE,Rekan
بانکی شێخان,MOFE,Rekan
بانکی سێمێل,MOFE,Rekan
بانکی سیپە,MOFE,Rekan
بانکی رزگارى,MOFE,Rekan
بانکی دەلال,MOFE,Rekan
بانکی سەرهەڵدان,MOFE,Rekan
بانکی فرۆکەخانەى هەولیر,MOFE,Rekan
بانکی خەلیفان,MOFE,Rekan
بانکی هەریر,MOFE,Rekan
بانکی گوڵان,MOFE,Rekan
بانکی فیدرال,MOFE,Rekan
بانکی عەنکاوە,MOFE,Rekan
بانکی سەروەران,MOFE,Rekan
بانکی دووین,MOFE,Rekan
بانکی دێدەوان,MOFE,Rekan
بانکی سەربەن,MOFE,Rekan
بانکی بەحرکە,MOFE,Rekan
بانکی زاگرۆس,MOFE,Rekan
بانکی ئازادى,MOFE,Rekan
بانکە قەڵات,MOFE,Rekan
بانکی باواجى,MOFE,Rekan
بانکی هەڵگورد,MOFE,Rekan
بانکی تەق تەق,MOFE,Rekan
بانکی برایەتى,MOFE,Rekan
بانکی بلێ,MOFE,Rekan
بانکی چۆمان,MOFE,Rekan
بانکی دیلمان,MOFE,Rekan
بانکی سۆرک,MOFE,Rekan
بانکی حەمرین,MOFE,Rekan
بانکی بنەسڵاوە,MOFE,Rekan
بانکی شیرین,MOFE,Rekan
بانکی نەورۆز,MOFE,Rekan
بانکی بێخاڵ,MOFE,Rekan
بانکی زانکۆى هەولێر,MOFE,Rekan
بانکی نیشتمان,MOFE,Rekan
بانکی پەروێز خان,MOFE,Rekan
بانکی بەردەڕەش,MOFE,Rekan
بانکی میرگەسۆر,MOFE,Rekan
بانکی حەدیاب,MOFE,Rekan
بانکی سلێمانی/١,MOFE,Rekan
بانکی کۆیە,MOFE,Rekan
بانکی دوکان,MOFE,Rekan
بانکی قەڵادزێ,MOFE,Rekan
بانکی زانکۆی کۆیە,MOFE,Rekan
بانکی دیبەگە,MOFE,Rekan
بەرێوەبەرایەتی گشتی گومرگ,MOFE,Rekan
سەرۆکایەتی دادگای گومرگی سلێمانی,MOFE,Rekan
بەرێوەبەرایەتی گومرگی گەرمیان,MOFE,Rekan
بەرێوەبەرایەتی گومرگی ڕاپەڕین,MOFE,Rekan
بەرێوەبەرایەتی گومرگی باشماخ,MOFE,Rekan
بەرێوەبەرایەتی گومرگی فرۆکەخانەى سلێمانی,MOFE,Rekan
بەرێوەبەرایەتی گومرگی سلێمانی,MOFE,Rekan
بەرێوەبەرایەتی گومرگی زاخۆ,MOFE,Rekan
بەرێوەبەرایەتی گومرگ دهۆک,MOFE,Rekan
بەرێوەبەرایەتی گومرگی ابراهیم خلیل,MOFE,Rekan
بەرێوەبەرایەتی گومرگی مێرگەسور,MOFE,Rekan
بەرێوەبەرایەتی گومرگی حاجی ئۆمەران,MOFE,Rekan
سەرۆکایەتی دادگای گومرگی هەولێر,MOFE,Rekan
بەرێوەبەرایەتی گومرگی فرۆکەخانەى هەولێر,MOFE,Rekan
بەڕێوەبەرایەتی گومرگی هەولێر,MOFE,Rekan
بەڕێوەبەرایەتی گشتی کاروباری دڵنیایی,MOFE,Rekan
بەڕێوەبەرایەتی کاروباری دڵنیایی/سلێمانی,MOFE,Rekan
بەڕێوەبەرایەتی کروباری دڵنیایی /دهۆک,MOFE,Rekan
بەڕێوەبەرایەتی کاروباری دڵنیایی/هەولێر,MOFE,Rekan
بەرێوەبەرایەتی گشتی ژمێرکارى,MOFE,Rekan
بەرێوەبەرایەتی گەنجینەى ڕاپەڕین,MOFE,Rekan
بەرێوەبەرایەتی گەنجینەی زاخۆ,MOFE,Rekan
بەرێوەبەرایەتی گەنجینەی هەڵەبجە,MOFE,Rekan
بەرێوەبەرایەتی گەنجینەی گەرمیان,MOFE,Rekan
بەرێوەبەرایەتی گەنجینەی چەمچەماڵ,MOFE,Rekan
بەرێوەبەرایەتی گەنجینەی کۆیە,MOFE,Rekan
بەرێوەبەرایەتی گەنجینەی سۆران,MOFE,Rekan
بەرێوەبەرایەتی گەنجینەی ئامێدى,MOFE,Rekan
بەرێوەبەرایەتی گەنجینەی ئاکرێ,MOFE,Rekan
بەڕێوەبەرایەتی گەنجینەی دهۆک,MOFE,Rekan
بەرێوەبەرایەتی گەنجینەی سلێمانى/2,MOFE,Rekan
بەرێوەبەرایەتی گەنجینەی سلێمانی/ 1,MOFE,Rekan
بەرێوەبەرایەتی گەنجینەی هەولێر,MOFE,Rekan
بەرێوەبەرایەتی گەنجینەی هەرێم,MOFE,Rekan
بەرێوەبەرایەتی گەنجینەی کەرکوک,MOFE,Rekan
بەرێوەبەرایەتی گشتی بانکە پسپۆریەکان,MOFE,Rekan
بەرێوەبەرایەتی تەکنەلۆژیای هەولیر,MOFE,Rekan
بەرێوەبەرایەتی تەکنەلۆژیاى بانکەکانی سلێمانى,MOFE,Rekan
بانکی خانووبەرەى ئامێدی,MOFE,Rekan
بانکی خانووبەرەى شێخان,MOFE,Rekan
نیشتەجێکردنی سلێمانی,MOFE,Rekan
بانکی پیشەسازى سلێمانی,MOFE,Rekan
بانکی کشتوکالی سلێمانی,MOFE,Rekan
بانکی خانووبەرەى هەڵەبجە,MOFE,Rekan
بانکی خانووبەرەى سلێمانی /2,MOFE,Rekan
بانکی خانووبەرەى سلێمانی /1,MOFE,Rekan
بانکی کشتوکالی گەرمیان,MOFE,Rekan
بانکی خانووبەرەى گەرمیان,MOFE,Rekan
بانکی کشتوکالی ڕاپەڕین,MOFE,Rekan
بانکی خانووبەرەى ڕاپەڕین,MOFE,Rekan
بانکی خانووبەرەى کۆیە,MOFE,Rekan
بانکی خانووبەرەى سۆران,MOFE,Rekan
بانکی خانووبەرەى بەردەرەش,MOFE,Rekan
بانکی خانووبەرەى ئاکرێ,MOFE,Rekan
بانکی خانووبەرەى زاخۆ,MOFE,Rekan
بانکی نیشتەجێکردنی دهۆک,MOFE,Rekan
بانکی پیشەسازى دهۆک,MOFE,Rekan
بانکی کشتوکالی دهۆک,MOFE,Rekan
بانکی خانووبەرەى دهۆک,MOFE,Rekan
بانکی نیشتەجێکردنی هەولێر,MOFE,Rekan
بانکی پیشەسازى هەولێر,MOFE,Rekan
بانکی کشتوکالی شەقڵاوە,MOFE,Rekan
بانکی کشتوکالی هەولێر,MOFE,Rekan
بانکی خانووبەرەى هەولێر /2,MOFE,Rekan
بانکی خانووبەرەى هەولێر /1,MOFE,Rekan
بەرێوەبەرایەتی خانووبەرە چەمچەماڵ,MOFE,Rekan
بەرێوەبەرایەتی گشتی کاروبارى یاسایی,MOFE,Rekan
بەرێوەبەرایەتی کاروبارى یاسایی سلێمانی,MOFE,Rekan
یەڕێوەبەرایەتی کاروباری یاسایی دهۆک,MOFE,Rekan
بەڕێوەبەرایەتی گشتی خانەنشین,MOFE,Rekan
بەرێوەبەرایەتی خانەنیشینی ئاکرێ,MOFE,Rekan
بەرێوەبەرایەتی خانەنیشینی گەرمیان,MOFE,Rekan
بەرێوەبەرایەتی خانەنیشینی هەڵەبجەى شەهید,MOFE,Rekan
بەرێوەبەرایەتی خانەنیشینی ڕاپەڕین,MOFE,Rekan
بەرێوەبەرایەتی خانەنیشینی چەمچەماڵ,MOFE,Rekan
بەرێوەبەرایەتی خانەنیشینی پێشمەرگەى سلێمانی,MOFE,Rekan
بەرێوەبەرایەتی خانەنیشینی سلێمانی,MOFE,Rekan
بەرێوەبەرایەتی خانەنیشینی کۆیە,MOFE,Rekan
بەرێوەبەرایەتی خانەنیشینی دهۆک,MOFE,Rekan
بەرێوەبەرایەتی خانەنیشینی سۆران,MOFE,Rekan
بەرێوەبەرایەتی خانەنیشینی زاخۆ,MOFE,Rekan
بەرێوەبەرایەتی خانەنیشینی هەولێر /2,MOFE,Rekan
بەرێوەبەرایەتی خانەنیشینی هەولێر /1,MOFE,Rekan
بەڕێوەبەرایەتی خانەنشینی پێشمەرگە / هەولێر,MOFE,Rekan
بەڕێوەبەرایەتی گشتی بودجە,MOFE,Rekan
بەرێوەبەرایەتی چاپەمەنیەکانی سلێمانی,MOFE,Rekan
بەڕێوەبەرایەتی گشتی باجەکان و خانوبەرەی میری,MOFE,Rekan
بەڕێوەبەرایەتی باجی خانووبەرەى زاخۆ,MOFE,Rekan
بەڕێوەبەرایەتی باجی دەرامەتی زاخۆ,MOFE,Rekan
بەڕێوەبەرایەتی باجی دەرامەتی ئاکرێ,MOFE,Rekan
بەڕێوەبەرایەتی باجی خانووبەرەى ئاکرێ,MOFE,Rekan
بەڕێوەبەرایەتی باجی خانووبەرەى دهۆک,MOFE,Rekan
بەڕێوەبەرایەتی باجی کۆمپانیاکانی دهۆک,MOFE,Rekan
بەڕێوەبەرایەتی خانووبەرەى میرى دهۆک,MOFE,Rekan
بەڕێوەبەرایەتی باجی دەرامەتی دهۆک,MOFE,Rekan
بەڕێوەبەرایەتی باجی دەرامەتی گەرمیان,MOFE,Rekan
بەڕێوەبەرایەتی باجی خانووبەرەى گەرمیان,MOFE,Rekan
بەڕێوەبەرایەتی باجی خانووبەرەى میری گەرمیان,MOFE,Rekan
بەڕێوەبەرایەتی باجی خانووبەرەى هەڵەبجە,MOFE,Rekan
بەڕێوەبەرایەتی باجی خانووبەرەى ڕاپەڕین,MOFE,Rekan
بەڕێوەبەرایەتی خانووبەرەى میری ڕاپەڕین,MOFE,Rekan
بەڕێوەبەرایەتی باجی دەرامەتی ڕاپەڕین,MOFE,Rekan
بەڕێوەبەرایەتی باجی کۆمپانیاکانی سلێمانی,MOFE,Rekan
بەڕێوەبەرایەتی باجی خانووبەرەى سلێمانی /2,MOFE,Rekan
بەڕێوەبەرایەتی باجی خانووبەرەی سلێمانی /1,MOFE,Rekan
بەڕێوەبەرایەتی باجی خانووبەرەى میری سلێمانی,MOFE,Rekan
بەڕێوەبەرایەتی باجی دەرامەتی سلێمانی /2,MOFE,Rekan
بەڕێوەبەرایەتی باجی دەرامەتی سلێمانی /1,MOFE,Rekan
بەڕێوەبەرایەتی خانووبەرەى سۆران,MOFE,Rekan
بەڕێوەبەرایەتی باجی دەرامەتی سۆران,MOFE,Rekan
بەڕێوەبەرایەتی باجی دەرامەتی کۆیە,MOFE,Rekan
بەڕێوەبەرایەتی باجی خانووبەرەى کۆیە,MOFE,Rekan
بەڕێوەبەرایەتی باجی کۆمپانیاکان هەولێر,MOFE,Rekan
بەڕێوەبەرایەتی باجی خانووبەرەى عنکاوە,MOFE,Rekan
بەڕێوەبەرایەتی باجی دەرامەتی هەولێر /2,MOFE,Rekan
بەڕێوەبەرایەتی باجی دەرامەتی هەولێر /1,MOFE,Rekan
بەڕێوەبەرایەتی باجی خانووبەرەى هەولێر /3,MOFE,Rekan
بەڕێوەبەرایەتی باجی خانووبەرەى هەولێر /2,MOFE,Rekan
بەڕێوەبەرایەتی باجی خانووبەرەى هەولێر /1,MOFE,Rekan
بەڕێوەبەرایەتی باجی دەرامەتی هەڵەبجە,MOFE,Rekan
بەڕێوەبەرایەتی باجی خانووبەرەى میری هەولێر,MOFE,Rekan
بەڕێوەبەرایەتی خانووبەرەی میری سۆران,MOFE,Rekan
دیوانی کۆمیسیۆنی باڵای سەربەخۆی هەڵبژاردنەکان و ڕاپرسی,KHEC,Ihsan
دیوانی دەستەی دەستپاکی,IB,#N/A
دیوانی ئەنجومەنی دادوەری,JC,Helen
دیوانی چاودێری دارایی,SAB,#N/A
فەرمانگەی وردبینی سلێمانی,SAB,#N/A
دیوانی دەستەی مافی مرۆڤ,HRB,Awara
نووسینگەی سۆران,HRB,Awara
دەستەی مافی مرۆڤ/نووسینگەی چەمچەماڵ,HRB,Awara
نووسینگەی سلێمانی,HRB,Awara
دەستەی مافی مرۆڤ/نووسینگەی گەرمیان,HRB,Awara
دەستەی مافی مرۆڤ/نووسینگەی ڕاپەرین,HRB,Awara
نووسینگەی دهۆک,HRB,Awara
دەستەی مافی مرۆڤ/نووسینگەی کۆیە,HRB,Awara
دەستەی مافی مرۆڤ/نووسینگەی زاخۆ,HRB,Awara
دەستەی مافی مرۆڤ/نووسینگەی هەڵەبجە,HRB,Awara
دەستەی مافی مرۆڤ/نووسینگەی ئاکرێ,HRB,Awara
Translation of 'Unknown' Accounting Units,,#N/A
دیوانی وەزارەتی کارەبا,MOEL,Nawroz
دیوانی  وەزارەتی ناوخۆ,MOI,Sangar
دیوانی وەزارەتی پلاندانان,MOP,Musleh
دەستەى گشتىی گەشتوگوزار,MOMT,Namiq
بەڕێوەبەرایەتى گشتى شوێنەوار,MOMT,Namiq
ب.گ. ناوخۆ,MOI,Sangar
بەرێوەبەرایەتی گشتی ژمێرکاری,MOFE,Rekan
بە رێوە بە رایەتی گشتی کتێبخانە گشتیە کان,MOCY,Sara
ب.گ کاروباری دڵنیایی,MOFE,Rekan
دیوانی  وەزارەتی خوێندنی باڵا و توێژینەوەی زانستی,MOHE,Begard
ب.گ کاروباری دڵنیایی,MOI,Sangar
دیوانی  وەزارەتی خوێندنی باڵا و توێژینەوەی زانستی,MOHE,Begard
بەرێوەبەرایەیەتی کاروباری زیندانی سیاسی,MOMA,Musleh
دیوانی وەزارەتی  رۆشەنبیری و لاوان,MOCY,Sara
دیوانی وەزارەتی شارەوانی و گەشت و گوزار,MOMT,Namiq
ب.گشتی رەگەزنامە  وباری شارستانی,MOI,Sangar
ب.گ. .توندوتیژی دژی ئافرەتان,MOI,Sangar
سەرۆکایەتی شارەوانی هەولێر,MOMT,Namiq
بەرێوەبەرایەتی گشتی کاروباری شەهیدان وئە نفالکراوان هەولێر,MOMA,Musleh
پاریزگای هەولێر/کارگێری گ.,MOI,Sangar
پارێزگای دهوک – کارگێری گشتی,MOI,Sangar
بەریوەبەرایەتی گشتی ریگاوبان وئاوەدان کردنەوەو نیشتەجی کردنی دهۆک,MOHR,Tarin
بەڕێوەبەرایەتی گشتی پەروەردەى هەلەبجە,MOEL,Nawroz
بەڕێوەبەرایەتی ڕێگاوبانی هەڵەبجە,MOHR,Tarin
پارێزگای هەلەبجە,MOI,Sangar
بەڕێوەبەرایەتی گشتی شارەوانیەکانی دهۆک,MOMT,Namiq
بەڕێوەبەرایەتی گشتى کارەباى دهۆک,MOEL,Nawroz
فەرمانگەی  ژینگە / دهۆک,BOE,Awara
ب\ گشتی تەندروستی راپەرین,MOH,Ihsan
پارێزگای دهۆک / خۆجێ یەتی,MOI,Sangar
بەڕێوەبەرایەتی گشتی وەبەرهێنانی راپەرین,BOI,Awara
ئیدارەی راپەرین/دیوان,MOI,Sangar
بەڕێوەبەرایەتی گشتی  کارەبای هەولێر,MOEL,Nawroz
بەڕێوەبەرایەتی کۆمەڵگای دەروازەی نێودەوڵەتی  باشماخ,MOFE,Rekan
بەڕێوەبەرایەتی گشتی شارەوانییەکان / هەڵەبجە,MOMT,Namiq
ب.نەخشەدانانى ئاوەدانى هەولير,MOMT,Namiq
ب.نەخشەدانانى ئاوەدانى رابرين,MOMT,Namiq
بەڕێوەبەرایەتی گشتی کارو باری میین /دهۆک,MAA,Awara
سەرۆکایەتی شارەوانی هەڵەبجە,MOMT,Namiq
بەرێوەبەرایەتی پۆستەو گەیاندنی  راپەرین,MOTAC,Helen
بەڕێوەبەرایەتی دابەشکردنی  کارەبای سۆران,MOEL,Nawroz
بەرێوەبەرایەتی کۆمەلگای دەروازەى نێودەوڵەتی حاجی ئۆمەران,MOFE,Rekan
سەرۆکایەتی شارەوانی دهۆک,MOMT,Namiq
بەڕێوەبەرایەتی گشتی  چاودێری و گەشە پێدانی کۆمەلایەتی دهۆک,MOLSA,Awara
بەرێوەبەرایەتی گشتی کارو باری میین/هەولێر,MAA,Awara
بەڕێوەبەرایەتی کۆنترِۆلى ناوەندى هەرێم,MOP,Musleh
ئیدارەی سەربەخۆی  زاخۆ,MOI,Sangar
ب.گشتی ڕۆشنبیری و هونەری گەرمیان,MOCY,Sara
بەڕێوەبەرایەتی گشتی  کارەبای سلێمانی,MOEL,Nawroz
بەڕێوەبەرایەتی گواستنەوەی ووزە کارەباى سلێمانی,MOEL,Nawroz
بەرێوەبەرایەتی کۆمەلگای دەروازەى نێودەوڵەتی پەروێزخان,MOFE,Rekan
بەرێوەبەرایەتى گشتی کارەبای هەلەبجە,MOEL,Nawroz
بەڕێوەبەرایەتی  شارەوانیەکانی ڕاپەرین,MOMT,Namiq
بەرێوەبەرایەتی چاودێری و گەشە پێدانی کۆمەلایەتی/هەلەبجە,MOLSA,Awara
بەڕێوەبەرایەتی گشتی کارەبای  گەرمیان,MOEL,Nawroz
بەرێوەبەرایەتی گشتی کاروباری شەهیدان وئە نفالکراوان سلێمانی,MOMA,Musleh
بەڕێوەبەرایەتی ئاوەدانکردنەوەو  نیشتەجێ کردنی  هەڵەبجە,MOHR,Tarin
بەڕێوەبەرایەتی گشتی شارەوانیەکانی گەرمیان,MOMT,Namiq
ب.شارەوانى يەک,MOMT,Namiq
دادگاى هیزەکانى ئاسایشی  ناوخۆ / هەولیر,MOI,Sangar
ب.نەخشەدانانى ئاوەدانى سليمانى,MOMT,Namiq
بەڕێوەبەرایەتی کاروباری دادگای گومرگی هەولێر,MOFE,Rekan
ب .شارەوانی سێ,MOMT,Namiq
ب.شارەوانى شەش,MOMT,Namiq
بەڕێوەبەرايەتى ئاوى ئاکرێ,MOMT,Namiq
بەڕێوەبەرایەتى دابەشکردنى  کارەبای کۆیە,MOEL,Nawroz
ب.شارستانی فرۆکەخانەی هەولێر,MOTAC,Helen
بەڕێوەبەرایەتی ئاماری ئیدارەی سۆران,MOP,Musleh
ب.بەرەنگاربوونەوەی توندوتیژی دژ بە ئافرەتان و خێزانی  دهۆک,MOI,Sangar
ب.شارەوانى دوو,MOMT,Namiq
نەخۆشخانەی راپەرین\ هەولێر,MOH,Ihsan
ب.شارەوانى چوار,MOMT,Namiq
شارەوانى  دينارتە,MOMT,Namiq
بەڕێوەبەرایەتی باجی دەرامەتی  کۆمپانیاکانی هەولێر,MOFE,Rekan
بەڕێوەبەرایەتى شارەوانیەکانى راپەرین,MOMT,Namiq
ب.خزمەنگوزارى و ژینگەى پارێزى هەولێر,MOMT,Namiq
بەڕێوەبەرایەتی دابەشکردنی  کارەبای هەولێر/یەک,MOEL,Nawroz
شارەوانى رەواندز,MOMT,Namiq
بەڕێوەبەرایەتی گواستنەوەی  کارەبای هەولێر,MOEL,Nawroz
بەرێوەبەرایەتی تەکنەلۆژیا و IT/هەولیر,MOFE,Rekan
بەڕێوەبەرایەتی پەروەردەى مەخمور,MOMT,Namiq
بەڕێوەبەرايەتى ئاوى کۆيە,MOMT,Namiq
بەڕێوەبەرایەتی دابەشکردنى کارەباى هەولێر/ دوو,MOEL,Nawroz
شارەوانى کۆیە,MOMT,Namiq
بەڕێوەبەرایەتی دابەشکردنى صلاح الدين,MOEL,Nawroz
بەڕێوەبەرایەتی ئەندازەی پارکەکان/هەولێر,MOMT,Namiq
بەڕێوەبەرایەتی تەندروستی دەوروبەر / هەولێر,MOH,Ihsan
به‌ڕێوه‌به‌رایه‌تی ئه‌وقافی ده‌وروبه‌ر,MOERA,Resa
بەرگری شارستانی ئاکرێ,MOI,Sangar
بەڕێوەبەرایەتی گشتی شارەوانیەکان / هەولێر,MOMT,Namiq
  بەڕێوەبەرایەتی پەروەردەى دەوروبەری هەولێر,MOE,Resa
کۆلێژی تەکنیکی سۆران,MOHE,Begard
بارکى سامى عبدالرحمن,MOMT,Namiq
بەڕێوەبەرایەتی خانووبەرەى میری هەولێر,MOJ,Helen
  بەڕێوەبەرایەتی پەروەردەى چۆمان,MOE,Resa
بەرێوەبەرایەتی چاودێری  و گەشە پێدانی کۆمەلایەتی شێخان,MOLSA,Awara
بەڕێوەبەرایەتی گەنجینەی  دهۆک,MOFE,Rekan
تێبینەرایەتی تۆمارکردنی خانووبەرەی ئاکرێ,MOJ,Helen
ڕێڤەبەریا کارگەها جوداکرنا گلێشێ لە کوارشێ,MOMT,Namiq
نەخۆشخانەی لە دایک بوونی سۆران,MOH,Ihsan
شارەوانى شەقڵاوە,MOMT,Namiq
بەڕێوەبەرایەتی باجی خانووبەرەى سۆران,MOJ,Helen
بەڕێوەبەرایەتی باجی دەرامەتی هەڵەبجەی شەهید,MOFE,Rekan
شارەوانى بنەسڵاوە,MOMT,Namiq
بەڕێوەبەرایەتی نووسینگەی زانیاری  دهۆک,MOI,Sangar
فەرمانگەی  دادنووسی هەڵەبجە,MOJ,Helen
بەرێوەبەرایەتی  گەنجینەی زاخۆ,MOFE,Rekan
بەڕێوەبەرایەتی خانووبەرەى میری گەرمیان,MOFE,Rekan
بەڕێوەبەرایەتی کاروباری یاسایی دهۆك,MOFE,Rekan
شارەوانی قەڵادزێ,MOMT,Namiq
سەرۆکایەتی شارەوانی گاپیلۆن,MOMT,Namiq
 بەڕێوەبەرایەتی پەروەردەى ڕۆژهەڵاتی سلێمانی,MOE,Resa
بەڕێوەبەرایەتی کاروباری  دڵنیایی /دهۆک,MOI,Sangar
ق.قەزای دۆکان,MOI,Sangar
بەرێوەبەرایەتی  گەشە پێدانی  چاودێری کۆمەلایەتی سمێل,MOLSA,Awara
سەرۆکایەتی شارەوانی سەروچاوە,MOMT,Namiq
بەڕێوەبەرایەتی ئاماری دهۆک,MOP,Musleh
بەڕێوەبەرایەتی گرتووخانەی  چاکسازی گەوران دهۆك,MOLSA,Awara
بەڕێوەبەرایەتی ئاوو ئاوەڕۆی هەولێر,MOMT,Namiq
مانگنیش,MOMT,Namiq
بەڕێوەبەرایەتی گشتی پەروەردەی ڕاپەڕین,MOE,Resa
بەڕێوەبەرایەتی کاروباری دڵنیایی /سلێمانی,MOI,Sangar
بەڕێوەبەرایەتی ئاوی دەوروبەر / هەولێر,MOMT,Namiq
شارەوانی خانکی,MOMT,Namiq
بەڕێوەبەرایەتی چاککردبەوەو پاراستنی ڕێگاوبانی سۆران,MOHR,Tarin
شارەوانی کورا,MOMT,Namiq
بەڕێوەبەرايەتى ئاوى دەوربەرى دهۆک,MOMT,Namiq
کۆلێژی تەکنیکی زانستە پراکتیکیەکانی هەڵەبجە,MOHE,Begard
بەڕێوەبەرایەتی پۆلیسی پارێزگای سلێمانی,MOI,Sangar
بەڕێوەبەرایەتی بانکی خانووبەرەى هەڵەبجە,MOFE,Rekan
ب. کاروباری خۆپاراستنی تەندروستی,MOH,Ihsan
  بەڕێوەبەرایەتی پەروەردەى ڕۆژهەڵاتی دهۆک,MOE,Resa
بەڕێوەبەرایەتی پۆلیسی دارستان وژینگەی پارێزگای سلێمانی,MOI,Sangar
بەڕێوەبەرایەتی  گەشەپێدانى پیشەسازی/ سلێمانی,MOTI,Arez
بەڕێوەبەرایەتی باجی دەرامەتی راپەرین,MOFE,Rekan
شارەوانی چوارقوڕنە,MOMT,Namiq
شارەوانی باگیرا,MOMT,Namiq
پاریزگای سلیمانی/دیوان,MOI,Sangar
شارەوانی حاجیاوا,MOMT,Namiq
شارەوانی شکارتە,MOMT,Namiq
بەرێوەبەرایەتی رۆشەنبیری و هونەری راپەرین,MOCY,Sara
بەڕێوەبەرایەتی شوێنەوارى سۆران,MOMT,Namiq
بەڕێوەبەرايەتى ئاوەڕۆکانى دهۆک,MOMT,Namiq
شارەوانی بۆسکێن,MOMT,Namiq
سەرۆکایەتی شارەوانی ئیسێوە,MOMT,Namiq
فەرمانگەی سه‌روکاتیا باژیرڤانیا چره‌,MOMT,Namiq
بەرێوەبەرایەتی بازرگانی  کەل و پەلی خۆراكی گەرمیان,MOTI,Arez
بەڕێوەبەرایەتى چاککردنەوەوپاراستنى ڕێگاوبانى ئاکرێ,MOMT,Namiq
فەرمانگەی سه‌روکاتیا باژیرڤانیا تناهی,MOMT,Namiq
بەرێوەبەرایەتی گواستنەوەی راپەرین,MOMT,Namiq
بەریوەبەرایەتی چاککردنەوەو پاراستنی ڕیگاوبانی خانەقین,MOMT,Namiq
بەڕێوەبەرایەتی ئاماری هەولێر,MOP,Musleh
شاریا,MOMT,Namiq
بەڕێوەبەرایەتی باجی دەرامەتی کۆمپانیای دهۆک,MOFE,Rekan
سەرۆکایەتی شارەوانی مسیریک,MOMT,Namiq
  بەڕێوەبەرایەتی پەروەردەى ڕۆژئاوای دهۆک,MOE,Resa
بەڕێوەبەرایەتی رێگاوبان / گەرمیان,MOMT,Namiq
بەڕێوەبەرێتی پەروەردەی شارباژیر,MOE,Resa
بەڕێوەبەرایەتی بازرگانی کەل و پەلی  خۆراک / دهۆک,MOTI,Arez
دیوانی دەستە,BOE,Awara
سەرۆکایەتی شارەوانی چەمچەماڵ,MOMT,Namiq
شارەوانی شنگال,MOMT,Namiq
شارەوانی باعەدرێ,MOMT,Namiq
بەڕێوەبەرێتی پەروەردەی دوکان,MOE,Resa
بەڕێوەبەرایەتی بازرگانی  کەلوپەلی خۆراک / هەولێر,MOTI,Arez
نەخۆشخانەی هێڤی فێرکاری مندالان,MOH,Ihsan
بەڕێوەبەرایەتی ئاو / دهۆک,MOMT,Namiq
بەرێوەبەرایەتی گەنجینەى راپەرین,MOFE,Rekan
بەڕێوەبەرایەتی ئاوی دەوروبەری گەرمیان,MOMT,Namiq
بەڕێوەبەرایەتی هاتووچۆی راپەرین,MOI,Sangar
بانکی نیشتەجێکردنی سلێمانی,MOFE,Rekan
نەخۆشخانەی دهۆک فریاکەوتنی فێرکاری,MOH,Ihsan
بەرێوەبەرایەتی چاپەمەنی یەکانی سلێمانی,MOFE,Rekan
شارەوانی اتروشى,MOMT,Namiq
بەرێوەبەرایەتی پۆستە و گەیاندنی سلیمانی,MOMT,Namiq
  بەڕێوەبەرێتی پەروەردەى پێنجوێن,MOE,Resa
بەرێوەبەرایەتى کشتوکاڵى ئامێدى,MOAWR,Awara
ب.شارەوانى بينج,MOMT,Namiq
بەڕێوەبەرایەتی پەروەردەى سمێل,MOE,Resa
ب.نەخشەدانانى ئاوەدانى دهوک,MOMT,Namiq
دیوانی  وەزارەتی پەروەردە,MOE,Resa
فەرمانگەی سه‌روکاتیا باژیرڤانیا بامه‌رنی,MOMT,Namiq
نەخۆشخانەی  دڵ لە سلێمانی,MOH,Ihsan
ب.پۆلیسی مەشق وشیاندنی سلێمانی,MOI,Sangar
سەرۆکایەتی شارەوانی شێخان,MOMT,Namiq
بەڕێوەبەرایەتی کاروباری دادگای گومرگی سلێمانی,MOJ,Helen
شارەوانى فايدە,MOMT,Namiq
فەرمانگەی سه‌روکاتیا باژیرڤانیا قسروک,MOMT,Namiq
بەڕێوەبەرایەتی تۆمارکردنی خانوبەرەی دووەمی  هەولێر,MOJ,Helen
بەرێوەبەرایەتی  گەنجینەی  هەڵەبجە,MOFE,Rekan
پەیمانگاکانی چەمچەمال,MOHE,Begard
بەرێوەبەرایەتی چاودێری و گەشە پێدانی کۆمەلایەتی چەمچەمال,MOLSA,Awara
بەڕێوەبەرایەتی بەرهەمهێنانی ووزەی کارەباى دوکان,MOEL,Nawroz
نەخۆشخانەی سوتان و نەشتەرگەری  جوانکاری /دهۆک,MOH,Ihsan
بەرێوەبەرایەتی خانەنیشینی راپەرین,MOFE,Rekan
بەڕێوەبەرایەتی تۆمارکردنی خانووبەرەی هەلەبجە,MOJ,Helen
بەرگری شارستانی دهۆک,MOI,Sangar
بەرێوەبەرایەتی کەشناسی و بوومەلەرزەزانی  سلیمانی,MOLSA,Awara
لیوای یەکی پاراستنی سلێمانی,MOI,Sangar
پاسەوانیەکان سلێمانی,MOI,Sangar
بەڕێوەبەرايەتى ئاوى کەلار,MOMT,Namiq
سلێمانیpjcc,MOI,Sangar
بەڕێوەبەرایەتی بەشی پۆلیسی کارەبای راپەرین,MOI,Sangar
پۆلیسی دارستان وژینگەی راپەرین,MOI,Sangar
بەرێوەبەرایەتی تۆری پاراستنی کۆمەلایەتی/ هەلەبجە,MOLSA,Awara
کۆلێژی زانستی ئەندازیاری چاندن / دهۆک,MOHE,Begard
فەرمانگەی ووردبینی سلێمانی,MOFE,Rekan
فەرمانگەی سه‌روکاتیا باژیرڤانیا سیمیل,MOMT,Namiq
ب.نەخشەدانانى ئاوەدانى گەرمیان,MOHR,Tarin
بەڕێوەبەرایەتی بەرهەمهێنانی ووزەی کارەبای دەربەندیخان,MOEL,Nawroz
بەڕێوەبەرایەتی باجی دەرامەتی  کۆمپانیاکان/ سلێمانی,MOFE,Rekan
نەخۆشخانەی ئافرەتان و منداڵ بوون / دهۆک,MOH,Ihsan
سەرۆکایەتی شارەوانی هەڵشۆ,MOMT,Namiq
نووسینگەی زاخۆ,HRB,Awara
نەخۆشخانەی  د.جمال احمد رشیدی منداڵانی فێرکاری,MOH,Ihsan
قایمقامیەتی قەزای مەڵبەندی سلیمانی,MOI,Sangar
ب. ڕۆشنبیری و هونەری سۆران,MOCY,Sara
کۆلێژی  ئەندازياری / دهۆک,MOHE,Begard
سەرۆکایەتی شارەوانی زاویتە,MOMT,Namiq
بەرێوەبەرایەتی چاودێری و گەشە پێدانی کۆمەلایەتی ڕاپەڕین,MOLSA,Awara
بەڕێوەبەرێتی پەروەردەی سیدصادق,MOE,Resa
بەڕێوەبەرێتی پەروەردەی دەربەندیخان,MOE,Resa
پۆلیسی دارستان وژینگەی هەلەبجە,MOI,Sangar
بەڕێوەبەرێتی پەروەردەی شارەزوور,MOE,Resa
بەڕێوەبەرێتی پەروەردەى رۆژئاوای سلێمانی,MOE,Resa
بەڕێوەبەرایەتی کتێبخانه‌ی ئه‌وقافی سلێمانی  مه‌رکه‌زی,MOERA,Resa
ئیدارەی سەربەخۆی  سۆران,MOI,Sangar
بەڕێوەبەرایەتی ئاماری ئیدارەی گەرمیان,MOP,Musleh
نووسینگەی هەڵەبجە,HRB,Awara
نووسینگەی کۆیە,HRB,Awara
اقامە/ هەلەبجە,MOI,Sangar
کۆلێژی پزیشکی ڤێتێرنەری / دهۆک,MOHE,Begard
ب. چاودێری بازرگانی زاخۆ,MOTI,Arez
بەڕێوەبەرایەتی خانووبەرەى میری سلێمانی,MOFE,Rekan
نووسینگەی چەمچەماڵ,HRB,Awara
بەڕێوەبەرایەتی پاسپۆرتی پارێزگای سلێمانی,MOI,Sangar
پەیمانگەى هونەرەجوانەکانی هەلەبجە,MOE,Resa
بەڕێوەبەرایەتی ئاماری سلێمانی,MOP,Musleh
نەخۆشخانەی شاری فێرکاری,MOH,Ihsan
بەڕێوەبەرایەتی کاروباری دڵنیایی /هەولێر,MOI,Sangar
نووسینگەی زانیاری زاخۆ,MOI,Sangar
نووسینگەی ئاکرێ,HRB,Awara
فەرمانگەى ئاوى دوکان,MOMT,Namiq
بەڕێوەبەرایەتى  گشتی گەشتوگوزارى زاخۆ,MOMT,Namiq
بانکی کشتوکالی راپەرین,MOFE,Rekan
شارەوانی بنگرد,MOMT,Namiq
بەڕێوەبەرایەتی دابەشکردنى کارەباى راپەڕین,MOEL,Nawroz
شارەوانی ژاراوە,MOMT,Namiq
ب. پاسەپۆرتی زاخۆ,MOI,Sangar
سەرۆکایەتی شارەوانی هێرۆ,MOMT,Namiq
ب. کاروباری شەهیدان و ئەنفالکراوانی زاخۆ,MOMA,Musleh
شارەوانی ڕانیە,MOMT,Namiq
بەڕێوەبەرایەتی توندوتیژی دژی ئافرەتانی سۆران,MOI,Sangar
بەڕێوەبەرایەتی باجی خانووبەرەى راپەرین,MOFE,Rekan
سەرۆکایەتی شارەوانی سەنگەسەر,MOMT,Namiq
ب. کارتی نیشتمانی زاخۆ,MOI,Sangar
بانکی خانووبەرەى راپەرین,MOFE,Rekan
ب. ئاودێری زاخۆ,MOAWR,Awara
بەڕێوەبەرێتی پەروەردەی قەرەداغ,MOE,Resa
ب. ڕۆشنبیری و هونەری زاخۆ,MOCY,Sara
سەرۆکایەتی شارەوانی ئامێدی,MOMT,Namiq
بەرێوەبەرایەتی گەنجینەى کەرکوک,MOFE,Rekan
بەرگری شارستانی راپەرین,MOI,Sangar
بەڕێوەبەرایەتی پاسپۆرت / هەڵەبجە,MOI,Sangar
بەڕێوەبەرایەتی  ئاوی ڕاپەرین,MOMT,Namiq
شارەوانی سەرکەپکان,MOMT,Namiq
نووسینگەی ڕاپەرین,HRB,Awara
بەڕێوەبەرایەتی  گەشەپیدانی پیشەسازی / هەولێر,MOTI,Arez
بەڕێوەبەرایەتی تۆمارکردنی خانووبەرەی چەمچەمال,MOJ,Helen
شارەوانی خدران,MOMT,Namiq
ق.قەزای چمچمال,MOI,Sangar
ق.قەزای هەلەبجە,MOI,Sangar
بەرێوەبەرایەتی گومرگی راپەرین,MOFE,Rekan
بەڕێوەبەرایەتی نووسینگەکانی  زانیاری سلێمانی,MOI,Sangar
بەڕێوەبەرایەتى گەشتوگوزارى ڕاپەرین,MOMT,Namiq
ب.توندوتیژی دژی ئافرەتان راپەرین,MOI,Sangar
ب. پەرتوکخانە گشتییەکانی زاخۆ,MOCY,Sara
بەرگرى شارستانی کۆیە,MOI,Sangar
ب. شوێنەوارو کەلەپوری زاخۆ,MOMT,Namiq
بەڕێوەبەرایەتی گشتی  گەشت و گوزارى سلێمانى,MOMT,Namiq
بەڕێوەبەرایەتی ئاودێری / هەولێر,MOAWR,Awara
ب.تاقیگەی بیناسازی زاخۆ,MOHR,Tarin
فەرمانگەی سه‌روکاتیا باژیرڤانیا کانی ماسی,MOMT,Namiq
بەرێوەبەرایەتى کشتوکاڵى چەمچەماڵ,MOAWR,Awara
ب. ڕۆشنبیری و لاوانی زاخۆ,MOCY,Sara
ب.بەرەنگاربوونەوەی تووندوتیژی دژی ئافرەتان و خێزان زاخۆ,MOI,Sangar
نووسینگەی گەرمیان,MOI,Sangar
بەڕێوەبەرایەتی ئاماری ئیدارەی زاخۆ,MOP,Musleh
ب. ئاوی ژێرزەوی زاخۆ,MOAWR,Awara
بەڕێوەبەرایەتی خانووبەرەى میری راپەرین,MOFE,Rekan
بەڕێوەبەرایەتی نەخشەدانانی ئاوەدانی هەڵەبجە,MOMT,Namiq
ب. گواستنەوەی سۆران,MOTAC,Helen
بەڕێوەبەرایەتی پۆلیس / هەڵەبجە,MOI,Sangar
شارەوانى مێڕگەسۆر,MOMT,Namiq
بە رێوە بە رایەتی رۆشنبیری و هونەری  سریانی دهۆك,MOCY,Sara
بەڕێوەبەرایەتى چاککردنەوەوپاراستنى ڕێگاوبانى چەمچەمال,MOHR,Tarin
ئەنجومەنی وەزارەتی دادوەری,MOJ,Helen